user_id,cluster
0,36
1,41
2,70
3,35
4,86
5,23
6,41
7,35
8,57
9,65
10,57
11,65
12,23
13,57
14,4
15,16
16,91
17,22
18,86
19,41
20,4
21,5
22,70
23,36
24,23
25,76
26,91
27,57
28,9
29,65
30,91
31,53
32,23
33,22
34,57
35,65
36,57
37,60
38,96
39,57
40,9
41,86
42,96
43,86
44,36
45,23
46,18
47,70
48,16
49,19
50,86
51,22
52,3
53,23
54,86
55,57
56,16
57,61
58,76
59,57
60,89
61,86
62,38
63,78
64,41
65,86
66,23
67,12
68,35
69,74
70,18
71,66
72,86
73,96
74,22
75,91
76,78
77,23
78,86
79,38
80,36
81,86
82,38
83,19
84,86
85,57
86,96
87,23
88,22
89,86
90,16
91,57
92,22
93,70
94,57
95,22
96,23
97,16
98,22
99,86
100,91
101,86
102,36
103,96
104,23
105,91
106,65
107,71
108,57
109,23
110,57
111,86
112,19
113,70
114,36
115,86
116,91
117,70
118,65
119,19
120,36
121,36
122,18
123,36
124,3
125,23
126,71
127,18
128,70
129,65
130,16
131,65
132,86
133,61
134,91
135,91
136,22
137,66
138,16
139,35
140,36
141,41
142,57
143,36
144,16
145,3
146,78
147,86
148,9
149,86
150,18
151,22
152,41
153,9
154,16
155,57
156,35
157,41
158,96
159,70
160,35
161,65
162,16
163,18
164,91
165,22
166,96
167,36
168,57
169,38
170,57
171,36
172,65
173,22
174,3
175,36
176,9
177,4
178,18
179,70
180,5
181,23
182,16
183,70
184,57
185,4
186,91
187,38
188,38
189,91
190,91
191,5
192,91
193,36
194,86
195,91
196,61
197,41
198,35
199,41
200,22
201,66
202,57
203,71
204,23
205,3
206,19
207,38
208,74
209,65
210,86
211,1
212,22
213,65
214,65
215,57
216,22
217,22
218,35
219,38
220,91
221,74
222,36
223,35
224,38
225,4
226,23
227,61
228,22
229,57
230,96
231,36
232,86
233,39
234,41
235,86
236,2
237,57
238,41
239,5
240,36
241,41
242,66
243,38
244,41
245,91
246,23
247,22
248,38
249,22
250,3
251,23
252,9
253,57
254,35
255,41
256,41
257,65
258,41
259,22
260,22
261,86
262,65
263,5
264,35
265,18
266,36
267,67
268,70
269,91
270,57
271,19
272,23
273,65
274,86
275,18
276,41
277,22
278,96
279,14
280,38
281,36
282,9
283,22
284,4
285,86
286,38
287,36
288,91
289,22
290,91
291,23
292,16
293,57
294,65
295,70
296,39
297,86
298,41
299,65
300,86
301,12
302,3
303,57
304,86
305,91
306,66
307,18
308,91
309,9
310,16
311,41
312,61
313,91
314,61
315,86
316,38
317,16
318,5
319,22
320,16
321,86
322,78
323,19
324,86
325,35
326,41
327,3
328,43
329,41
330,61
331,22
332,5
333,4
334,9
335,89
336,19
337,86
338,57
339,53
340,36
341,5
342,9
343,96
344,14
345,41
346,86
347,71
348,41
349,91
350,22
351,38
352,38
353,39
354,3
355,18
356,36
357,57
358,22
359,57
360,41
361,91
362,18
363,57
364,22
365,66
366,96
367,22
368,91
369,78
370,67
371,22
372,91
373,86
374,35
375,96
376,87
377,23
378,86
379,57
380,57
381,65
382,86
383,9
384,4
385,16
386,19
387,22
388,65
389,86
390,38
391,23
392,36
393,41
394,36
395,86
396,86
397,23
398,4
399,36
400,22
401,91
402,9
403,71
404,86
405,96
406,91
407,41
408,57
409,71
410,71
411,16
412,16
413,4
414,86
415,4
416,35
417,86
418,16
419,91
420,96
421,66
422,65
423,96
424,38
425,96
426,86
427,76
428,4
429,22
430,38
431,57
432,18
433,36
434,86
435,86
436,76
437,57
438,22
439,53
440,38
441,23
442,70
443,57
444,53
445,57
446,57
447,57
448,66
449,91
450,91
451,36
452,5
453,57
454,41
455,38
456,57
457,41
458,86
459,12
460,86
461,36
462,19
463,22
464,41
465,41
466,36
467,23
468,91
469,57
470,76
471,36
472,70
473,41
474,91
475,22
476,57
477,38
478,91
479,22
480,91
481,86
482,53
483,23
484,70
485,23
486,86
487,57
488,48
489,38
490,65
491,70
492,4
493,86
494,91
495,91
496,65
497,91
498,57
499,38
500,23
501,9
502,19
503,96
504,57
505,70
506,86
507,96
508,4
509,4
510,41
511,91
512,5
513,36
514,23
515,35
516,57
517,66
518,66
519,4
520,57
521,91
522,19
523,61
524,91
525,41
526,38
527,61
528,18
529,91
530,57
531,96
532,9
533,70
534,70
535,23
536,65
537,70
538,86
539,61
540,57
541,66
542,19
543,38
544,9
545,22
546,41
547,78
548,86
549,9
550,57
551,65
552,3
553,22
554,91
555,23
556,9
557,23
558,23
559,23
560,36
561,36
562,36
563,57
564,4
565,41
566,36
567,91
568,36
569,86
570,57
571,23
572,16
573,53
574,91
575,12
576,65
577,86
578,83
579,4
580,91
581,18
582,22
583,70
584,65
585,57
586,38
587,35
588,91
589,23
590,66
591,36
592,38
593,36
594,57
595,23
596,89
597,66
598,9
599,22
600,16
601,66
602,96
603,86
604,36
605,66
606,65
607,86
608,91
609,9
610,4
611,57
612,4
613,91
614,86
615,57
616,57
617,57
618,57
619,57
620,91
621,70
622,38
623,91
624,57
625,5
626,70
627,91
628,57
629,65
630,89
631,91
632,9
633,36
634,76
635,36
636,70
637,41
638,86
639,67
640,38
641,22
642,65
643,70
644,70
645,96
646,65
647,41
648,86
649,19
650,57
651,96
652,70
653,36
654,91
655,57
656,9
657,12
658,41
659,16
660,16
661,91
662,36
663,36
664,4
665,91
666,22
667,41
668,9
669,41
670,96
671,22
672,70
673,91
674,19
675,36
676,57
677,36
678,96
679,38
680,57
681,70
682,57
683,22
684,36
685,22
686,70
687,91
688,18
689,47
690,86
691,9
692,68
693,96
694,57
695,5
696,22
697,65
698,5
699,4
700,36
701,86
702,57
703,65
704,22
705,86
706,65
707,38
708,66
709,91
710,23
711,86
712,35
713,41
714,91
715,86
716,19
717,35
718,65
719,6
720,66
721,23
722,57
723,86
724,65
725,91
726,70
727,9
728,86
729,23
730,91
731,41
732,66
733,57
734,3
735,9
736,23
737,57
738,70
739,18
740,14
741,61
742,7
743,86
744,91
745,9
746,91
747,70
748,65
749,91
750,41
751,36
752,22
753,36
754,57
755,35
756,86
757,5
758,16
759,57
760,36
761,96
762,9
763,91
764,19
765,66
766,57
767,57
768,22
769,61
770,61
771,86
772,22
773,65
774,57
775,86
776,86
777,22
778,70
779,65
780,22
781,86
782,9
783,57
784,22
785,86
786,16
787,57
788,16
789,5
790,36
791,41
792,96
793,22
794,86
795,19
796,70
797,86
798,19
799,38
800,70
801,91
802,23
803,18
804,23
805,36
806,36
807,91
808,65
809,4
810,65
811,96
812,57
813,36
814,16
815,19
816,19
817,57
818,89
819,23
820,19
821,9
822,96
823,5
824,35
825,41
826,86
827,71
828,57
829,38
830,57
831,96
832,60
833,86
834,23
835,70
836,22
837,70
838,3
839,86
840,65
841,22
842,65
843,65
844,38
845,35
846,36
847,23
848,22
849,16
850,8
851,9
852,5
853,91
854,91
855,96
856,22
857,41
858,16
859,23
860,35
861,36
862,16
863,70
864,23
865,22
866,89
867,60
868,35
869,57
870,70
871,9
872,86
873,22
874,78
875,38
876,70
877,38
878,38
879,41
880,70
881,86
882,23
883,70
884,4
885,57
886,23
887,41
888,9
889,41
890,5
891,57
892,61
893,5
894,38
895,57
896,35
897,91
898,70
899,71
900,61
901,96
902,4
903,57
904,36
905,57
906,57
907,41
908,35
909,91
910,57
911,70
912,9
913,70
914,57
915,23
916,66
917,70
918,57
919,86
920,35
921,22
922,89
923,23
924,41
925,18
926,19
927,91
928,4
929,96
930,86
931,57
932,66
933,35
934,89
935,38
936,57
937,41
938,65
939,23
940,22
941,57
942,91
943,70
944,57
945,19
946,70
947,66
948,16
949,41
950,35
951,5
952,38
953,9
954,86
955,36
956,91
957,65
958,39
959,18
960,16
961,86
962,47
963,91
964,9
965,41
966,23
967,16
968,41
969,31
970,41
971,19
972,65
973,35
974,91
975,91
976,57
977,91
978,22
979,86
980,91
981,23
982,5
983,22
984,16
985,19
986,36
987,86
988,5
989,36
990,18
991,70
992,57
993,23
994,96
995,18
996,65
997,18
998,65
999,23
1000,23
1001,23
1002,36
1003,19
1004,57
1005,41
1006,57
1007,91
1008,96
1009,65
1010,86
1011,57
1012,38
1013,65
1014,4
1015,38
1016,41
1017,65
1018,86
1019,4
1020,23
1021,57
1022,78
1023,57
1024,16
1025,66
1026,36
1027,35
1028,23
1029,57
1030,65
1031,70
1032,3
1033,22
1034,89
1035,53
1036,5
1037,22
1038,9
1039,35
1040,5
1041,35
1042,89
1043,71
1044,3
1045,91
1046,57
1047,16
1048,38
1049,38
1050,9
1051,57
1052,57
1053,36
1054,86
1055,22
1056,36
1057,91
1058,57
1059,86
1060,41
1061,16
1062,22
1063,91
1064,41
1065,91
1066,96
1067,35
1068,5
1069,86
1070,83
1071,57
1072,22
1073,86
1074,65
1075,9
1076,35
1077,70
1078,45
1079,23
1080,57
1081,41
1082,9
1083,91
1084,86
1085,16
1086,91
1087,35
1088,36
1089,57
1090,36
1091,65
1092,61
1093,68
1094,53
1095,38
1096,22
1097,3
1098,65
1099,18
1100,41
1101,19
1102,9
1103,70
1104,35
1105,9
1106,36
1107,22
1108,4
1109,36
1110,66
1111,36
1112,86
1113,41
1114,5
1115,57
1116,57
1117,38
1118,19
1119,65
1120,12
1121,57
1122,36
1123,66
1124,18
1125,22
1126,16
1127,23
1128,38
1129,91
1130,22
1131,4
1132,86
1133,36
1134,57
1135,41
1136,86
1137,57
1138,9
1139,91
1140,9
1141,91
1142,65
1143,57
1144,22
1145,5
1146,38
1147,57
1148,4
1149,10
1150,66
1151,35
1152,23
1153,23
1154,86
1155,23
1156,35
1157,57
1158,70
1159,19
1160,16
1161,9
1162,9
1163,57
1164,38
1165,36
1166,70
1167,66
1168,23
1169,36
1170,91
1171,57
1172,5
1173,12
1174,5
1175,39
1176,70
1177,86
1178,36
1179,38
1180,57
1181,91
1182,16
1183,38
1184,70
1185,41
1186,57
1187,36
1188,35
1189,86
1190,23
1191,66
1192,11
1193,70
1194,86
1195,66
1196,57
1197,18
1198,70
1199,22
1200,91
1201,91
1202,36
1203,36
1204,86
1205,41
1206,86
1207,5
1208,86
1209,3
1210,65
1211,3
1212,66
1213,36
1214,86
1215,36
1216,96
1217,91
1218,14
1219,96
1220,91
1221,38
1222,66
1223,86
1224,53
1225,41
1226,57
1227,36
1228,22
1229,4
1230,38
1231,86
1232,23
1233,57
1234,23
1235,76
1236,41
1237,86
1238,16
1239,38
1240,65
1241,57
1242,65
1243,86
1244,86
1245,65
1246,3
1247,35
1248,3
1249,65
1250,86
1251,41
1252,78
1253,91
1254,41
1255,3
1256,57
1257,86
1258,23
1259,4
1260,57
1261,87
1262,22
1263,3
1264,41
1265,38
1266,19
1267,96
1268,86
1269,4
1270,36
1271,35
1272,91
1273,70
1274,23
1275,18
1276,86
1277,86
1278,36
1279,86
1280,22
1281,19
1282,23
1283,57
1284,22
1285,35
1286,66
1287,4
1288,86
1289,38
1290,4
1291,66
1292,3
1293,96
1294,9
1295,3
1296,65
1297,41
1298,70
1299,57
1300,78
1301,70
1302,61
1303,53
1304,65
1305,3
1306,22
1307,91
1308,65
1309,86
1310,39
1311,78
1312,36
1313,65
1314,70
1315,78
1316,60
1317,23
1318,78
1319,91
1320,57
1321,23
1322,23
1323,86
1324,96
1325,61
1326,36
1327,86
1328,19
1329,35
1330,16
1331,23
1332,66
1333,36
1334,23
1335,86
1336,91
1337,86
1338,86
1339,22
1340,36
1341,41
1342,57
1343,65
1344,66
1345,91
1346,41
1347,86
1348,23
1349,57
1350,3
1351,9
1352,57
1353,9
1354,23
1355,23
1356,4
1357,96
1358,70
1359,19
1360,36
1361,38
1362,16
1363,70
1364,57
1365,16
1366,57
1367,4
1368,86
1369,36
1370,23
1371,16
1372,66
1373,86
1374,41
1375,5
1376,9
1377,70
1378,96
1379,22
1380,35
1381,19
1382,86
1383,3
1384,23
1385,16
1386,57
1387,9
1388,38
1389,67
1390,67
1391,61
1392,36
1393,22
1394,9
1395,5
1396,86
1397,76
1398,23
1399,57
1400,65
1401,22
1402,86
1403,36
1404,41
1405,38
1406,86
1407,67
1408,5
1409,57
1410,16
1411,5
1412,65
1413,19
1414,36
1415,57
1416,18
1417,36
1418,23
1419,9
1420,61
1421,57
1422,41
1423,96
1424,22
1425,35
1426,65
1427,36
1428,86
1429,41
1430,91
1431,35
1432,96
1433,4
1434,23
1435,23
1436,4
1437,18
1438,36
1439,18
1440,91
1441,22
1442,70
1443,57
1444,12
1445,41
1446,96
1447,23
1448,86
1449,36
1450,23
1451,9
1452,36
1453,57
1454,91
1455,36
1456,65
1457,16
1458,86
1459,23
1460,76
1461,41
1462,66
1463,35
1464,36
1465,22
1466,23
1467,16
1468,36
1469,86
1470,4
1471,57
1472,22
1473,36
1474,12
1475,38
1476,57
1477,65
1478,5
1479,86
1480,57
1481,36
1482,57
1483,23
1484,36
1485,9
1486,57
1487,70
1488,23
1489,57
1490,41
1491,22
1492,22
1493,96
1494,89
1495,4
1496,4
1497,36
1498,76
1499,23
1500,36
1501,36
1502,36
1503,91
1504,38
1505,9
1506,36
1507,22
1508,41
1509,3
1510,86
1511,9
1512,86
1513,23
1514,22
1515,86
1516,23
1517,70
1518,57
1519,86
1520,57
1521,86
1522,36
1523,86
1524,12
1525,70
1526,23
1527,38
1528,36
1529,31
1530,35
1531,57
1532,91
1533,36
1534,86
1535,23
1536,36
1537,89
1538,22
1539,67
1540,91
1541,78
1542,57
1543,70
1544,91
1545,18
1546,57
1547,5
1548,86
1549,41
1550,47
1551,38
1552,86
1553,70
1554,65
1555,57
1556,13
1557,41
1558,36
1559,36
1560,36
1561,86
1562,66
1563,91
1564,18
1565,66
1566,86
1567,14
1568,91
1569,91
1570,22
1571,19
1572,96
1573,9
1574,14
1575,23
1576,70
1577,15
1578,70
1579,22
1580,23
1581,18
1582,3
1583,57
1584,38
1585,16
1586,36
1587,38
1588,89
1589,65
1590,4
1591,70
1592,22
1593,16
1594,35
1595,5
1596,23
1597,9
1598,41
1599,96
1600,57
1601,9
1602,19
1603,36
1604,86
1605,36
1606,96
1607,36
1608,41
1609,18
1610,86
1611,57
1612,9
1613,9
1614,23
1615,9
1616,23
1617,70
1618,86
1619,66
1620,22
1621,19
1622,53
1623,22
1624,57
1625,57
1626,41
1627,57
1628,23
1629,19
1630,65
1631,18
1632,91
1633,41
1634,86
1635,96
1636,67
1637,71
1638,35
1639,86
1640,5
1641,65
1642,91
1643,18
1644,86
1645,65
1646,38
1647,96
1648,70
1649,22
1650,23
1651,4
1652,86
1653,70
1654,86
1655,23
1656,57
1657,35
1658,57
1659,22
1660,22
1661,86
1662,9
1663,57
1664,86
1665,66
1666,41
1667,22
1668,86
1669,36
1670,22
1671,91
1672,23
1673,91
1674,70
1675,9
1676,38
1677,19
1678,4
1679,36
1680,71
1681,23
1682,22
1683,57
1684,22
1685,70
1686,38
1687,41
1688,70
1689,86
1690,36
1691,23
1692,86
1693,65
1694,4
1695,41
1696,39
1697,16
1698,70
1699,91
1700,65
1701,70
1702,38
1703,3
1704,36
1705,5
1706,57
1707,41
1708,36
1709,57
1710,22
1711,36
1712,57
1713,65
1714,41
1715,86
1716,23
1717,65
1718,96
1719,19
1720,41
1721,16
1722,91
1723,41
1724,22
1725,86
1726,17
1727,23
1728,23
1729,70
1730,22
1731,91
1732,4
1733,57
1734,36
1735,65
1736,86
1737,65
1738,61
1739,86
1740,22
1741,86
1742,23
1743,18
1744,57
1745,18
1746,91
1747,61
1748,65
1749,9
1750,57
1751,36
1752,9
1753,16
1754,65
1755,70
1756,96
1757,36
1758,22
1759,23
1760,36
1761,38
1762,4
1763,19
1764,96
1765,66
1766,86
1767,91
1768,57
1769,66
1770,9
1771,66
1772,38
1773,22
1774,22
1775,91
1776,18
1777,41
1778,86
1779,96
1780,57
1781,36
1782,35
1783,41
1784,86
1785,22
1786,36
1787,36
1788,22
1789,65
1790,57
1791,36
1792,35
1793,22
1794,91
1795,16
1796,18
1797,57
1798,38
1799,89
1800,23
1801,57
1802,71
1803,66
1804,57
1805,23
1806,23
1807,22
1808,36
1809,70
1810,18
1811,36
1812,70
1813,91
1814,41
1815,41
1816,22
1817,96
1818,22
1819,91
1820,35
1821,57
1822,9
1823,91
1824,78
1825,70
1826,5
1827,86
1828,36
1829,57
1830,36
1831,22
1832,36
1833,36
1834,18
1835,57
1836,86
1837,3
1838,12
1839,57
1840,70
1841,53
1842,57
1843,23
1844,57
1845,71
1846,91
1847,39
1848,91
1849,5
1850,9
1851,86
1852,36
1853,86
1854,23
1855,3
1856,57
1857,70
1858,86
1859,38
1860,35
1861,22
1862,91
1863,22
1864,36
1865,57
1866,66
1867,57
1868,23
1869,5
1870,86
1871,86
1872,9
1873,22
1874,19
1875,36
1876,5
1877,22
1878,41
1879,86
1880,3
1881,57
1882,20
1883,35
1884,9
1885,70
1886,18
1887,96
1888,86
1889,57
1890,66
1891,65
1892,3
1893,16
1894,36
1895,35
1896,96
1897,19
1898,4
1899,86
1900,57
1901,23
1902,18
1903,5
1904,41
1905,5
1906,16
1907,86
1908,91
1909,41
1910,86
1911,21
1912,86
1913,65
1914,89
1915,36
1916,38
1917,38
1918,96
1919,65
1920,12
1921,61
1922,91
1923,4
1924,3
1925,83
1926,91
1927,65
1928,57
1929,19
1930,65
1931,57
1932,70
1933,41
1934,65
1935,36
1936,86
1937,41
1938,22
1939,91
1940,57
1941,61
1942,70
1943,57
1944,22
1945,91
1946,91
1947,70
1948,57
1949,3
1950,70
1951,18
1952,9
1953,38
1954,86
1955,57
1956,16
1957,91
1958,35
1959,53
1960,91
1961,91
1962,23
1963,86
1964,91
1965,65
1966,86
1967,38
1968,5
1969,41
1970,70
1971,57
1972,86
1973,22
1974,19
1975,23
1976,41
1977,41
1978,36
1979,3
1980,57
1981,86
1982,36
1983,22
1984,86
1985,86
1986,9
1987,86
1988,22
1989,86
1990,91
1991,36
1992,86
1993,65
1994,22
1995,96
1996,36
1997,65
1998,12
1999,41
2000,65
2001,86
2002,57
2003,96
2004,57
2005,86
2006,38
2007,91
2008,5
2009,41
2010,67
2011,23
2012,91
2013,86
2014,22
2015,41
2016,41
2017,86
2018,19
2019,16
2020,36
2021,9
2022,19
2023,4
2024,9
2025,91
2026,57
2027,70
2028,86
2029,5
2030,86
2031,9
2032,41
2033,41
2034,16
2035,22
2036,23
2037,38
2038,5
2039,45
2040,96
2041,57
2042,65
2043,86
2044,96
2045,91
2046,36
2047,53
2048,22
2049,19
2050,38
2051,23
2052,91
2053,86
2054,36
2055,74
2056,41
2057,65
2058,78
2059,91
2060,5
2061,23
2062,23
2063,86
2064,78
2065,3
2066,23
2067,16
2068,96
2069,86
2070,41
2071,4
2072,38
2073,41
2074,22
2075,57
2076,65
2077,36
2078,9
2079,57
2080,57
2081,89
2082,91
2083,23
2084,96
2085,24
2086,9
2087,23
2088,86
2089,91
2090,23
2091,38
2092,36
2093,91
2094,57
2095,9
2096,36
2097,14
2098,96
2099,18
2100,86
2101,36
2102,36
2103,91
2104,91
2105,4
2106,65
2107,22
2108,41
2109,22
2110,36
2111,41
2112,38
2113,91
2114,70
2115,61
2116,57
2117,61
2118,86
2119,91
2120,36
2121,23
2122,5
2123,86
2124,96
2125,83
2126,57
2127,96
2128,3
2129,4
2130,91
2131,5
2132,86
2133,65
2134,23
2135,9
2136,70
2137,41
2138,96
2139,23
2140,35
2141,41
2142,36
2143,65
2144,36
2145,86
2146,91
2147,36
2148,91
2149,61
2150,41
2151,35
2152,5
2153,41
2154,36
2155,23
2156,22
2157,57
2158,36
2159,23
2160,23
2161,23
2162,22
2163,23
2164,9
2165,3
2166,22
2167,86
2168,91
2169,36
2170,38
2171,86
2172,19
2173,22
2174,65
2175,70
2176,57
2177,22
2178,36
2179,57
2180,31
2181,16
2182,86
2183,36
2184,23
2185,36
2186,96
2187,38
2188,22
2189,86
2190,38
2191,41
2192,16
2193,18
2194,22
2195,38
2196,23
2197,86
2198,5
2199,71
2200,91
2201,61
2202,57
2203,36
2204,38
2205,53
2206,9
2207,65
2208,22
2209,18
2210,70
2211,16
2212,61
2213,65
2214,36
2215,86
2216,9
2217,12
2218,36
2219,91
2220,16
2221,36
2222,23
2223,22
2224,41
2225,4
2226,41
2227,96
2228,36
2229,86
2230,3
2231,35
2232,70
2233,22
2234,36
2235,22
2236,57
2237,25
2238,65
2239,96
2240,86
2241,91
2242,9
2243,9
2244,70
2245,91
2246,35
2247,57
2248,23
2249,12
2250,96
2251,16
2252,65
2253,23
2254,86
2255,70
2256,91
2257,57
2258,70
2259,66
2260,66
2261,16
2262,96
2263,38
2264,70
2265,35
2266,36
2267,66
2268,4
2269,23
2270,41
2271,96
2272,19
2273,12
2274,26
2275,38
2276,22
2277,38
2278,87
2279,38
2280,23
2281,86
2282,22
2283,23
2284,86
2285,70
2286,22
2287,57
2288,71
2289,3
2290,86
2291,70
2292,22
2293,57
2294,36
2295,5
2296,91
2297,66
2298,71
2299,36
2300,70
2301,89
2302,22
2303,86
2304,57
2305,5
2306,67
2307,36
2308,22
2309,65
2310,5
2311,16
2312,4
2313,23
2314,57
2315,36
2316,38
2317,41
2318,38
2319,4
2320,35
2321,3
2322,91
2323,35
2324,22
2325,9
2326,70
2327,9
2328,66
2329,57
2330,5
2331,38
2332,65
2333,23
2334,18
2335,5
2336,96
2337,70
2338,86
2339,23
2340,23
2341,86
2342,41
2343,38
2344,96
2345,19
2346,3
2347,4
2348,23
2349,65
2350,86
2351,91
2352,27
2353,65
2354,16
2355,65
2356,36
2357,66
2358,70
2359,31
2360,23
2361,23
2362,4
2363,19
2364,57
2365,57
2366,16
2367,70
2368,86
2369,86
2370,4
2371,35
2372,86
2373,96
2374,57
2375,96
2376,41
2377,12
2378,91
2379,83
2380,70
2381,96
2382,23
2383,35
2384,16
2385,16
2386,41
2387,19
2388,91
2389,66
2390,38
2391,70
2392,65
2393,9
2394,5
2395,23
2396,36
2397,66
2398,91
2399,86
2400,91
2401,22
2402,91
2403,19
2404,57
2405,23
2406,38
2407,22
2408,71
2409,57
2410,57
2411,36
2412,70
2413,41
2414,23
2415,23
2416,70
2417,36
2418,23
2419,16
2420,71
2421,9
2422,41
2423,86
2424,91
2425,86
2426,86
2427,53
2428,9
2429,86
2430,41
2431,36
2432,57
2433,57
2434,61
2435,65
2436,57
2437,57
2438,91
2439,4
2440,65
2441,70
2442,96
2443,38
2444,86
2445,91
2446,70
2447,41
2448,28
2449,41
2450,23
2451,5
2452,71
2453,22
2454,70
2455,35
2456,91
2457,76
2458,9
2459,14
2460,66
2461,36
2462,36
2463,35
2464,23
2465,91
2466,66
2467,18
2468,41
2469,91
2470,66
2471,57
2472,39
2473,65
2474,22
2475,22
2476,91
2477,5
2478,91
2479,3
2480,23
2481,70
2482,9
2483,86
2484,14
2485,22
2486,18
2487,35
2488,22
2489,70
2490,36
2491,70
2492,12
2493,76
2494,96
2495,96
2496,70
2497,86
2498,53
2499,86
2500,23
2501,9
2502,22
2503,16
2504,91
2505,22
2506,23
2507,35
2508,5
2509,86
2510,38
2511,19
2512,23
2513,16
2514,70
2515,57
2516,23
2517,70
2518,5
2519,70
2520,91
2521,86
2522,22
2523,5
2524,23
2525,18
2526,9
2527,23
2528,91
2529,91
2530,65
2531,5
2532,41
2533,22
2534,19
2535,86
2536,96
2537,22
2538,36
2539,9
2540,41
2541,91
2542,23
2543,36
2544,57
2545,22
2546,22
2547,53
2548,74
2549,57
2550,23
2551,41
2552,53
2553,61
2554,9
2555,4
2556,86
2557,16
2558,3
2559,23
2560,9
2561,61
2562,96
2563,86
2564,41
2565,19
2566,22
2567,22
2568,22
2569,91
2570,5
2571,96
2572,65
2573,86
2574,57
2575,68
2576,71
2577,36
2578,38
2579,22
2580,57
2581,38
2582,18
2583,5
2584,70
2585,86
2586,23
2587,65
2588,91
2589,86
2590,38
2591,91
2592,74
2593,57
2594,91
2595,36
2596,91
2597,9
2598,86
2599,9
2600,23
2601,23
2602,23
2603,22
2604,23
2605,96
2606,36
2607,70
2608,86
2609,86
2610,86
2611,36
2612,19
2613,41
2614,36
2615,35
2616,9
2617,86
2618,35
2619,86
2620,41
2621,9
2622,23
2623,29
2624,91
2625,22
2626,23
2627,86
2628,89
2629,4
2630,3
2631,19
2632,35
2633,36
2634,36
2635,19
2636,57
2637,35
2638,96
2639,70
2640,23
2641,9
2642,9
2643,36
2644,38
2645,57
2646,19
2647,35
2648,57
2649,91
2650,22
2651,70
2652,96
2653,22
2654,57
2655,86
2656,70
2657,86
2658,16
2659,22
2660,36
2661,22
2662,91
2663,57
2664,16
2665,36
2666,41
2667,23
2668,86
2669,22
2670,38
2671,16
2672,3
2673,9
2674,70
2675,36
2676,9
2677,38
2678,36
2679,5
2680,57
2681,35
2682,18
2683,36
2684,4
2685,5
2686,9
2687,5
2688,65
2689,61
2690,41
2691,23
2692,23
2693,22
2694,3
2695,71
2696,19
2697,22
2698,22
2699,70
2700,36
2701,22
2702,16
2703,41
2704,38
2705,19
2706,30
2707,86
2708,22
2709,96
2710,36
2711,22
2712,96
2713,41
2714,86
2715,9
2716,19
2717,57
2718,38
2719,9
2720,57
2721,36
2722,57
2723,57
2724,57
2725,5
2726,16
2727,23
2728,41
2729,96
2730,38
2731,86
2732,35
2733,9
2734,91
2735,57
2736,86
2737,22
2738,70
2739,70
2740,91
2741,36
2742,78
2743,22
2744,96
2745,91
2746,35
2747,70
2748,38
2749,36
2750,96
2751,70
2752,9
2753,23
2754,38
2755,65
2756,57
2757,57
2758,86
2759,36
2760,89
2761,19
2762,22
2763,19
2764,71
2765,86
2766,9
2767,18
2768,91
2769,65
2770,16
2771,18
2772,22
2773,41
2774,96
2775,57
2776,86
2777,71
2778,16
2779,65
2780,60
2781,57
2782,41
2783,71
2784,36
2785,19
2786,68
2787,71
2788,57
2789,91
2790,91
2791,38
2792,36
2793,70
2794,86
2795,89
2796,70
2797,22
2798,65
2799,19
2800,96
2801,23
2802,57
2803,19
2804,35
2805,22
2806,41
2807,86
2808,38
2809,91
2810,86
2811,57
2812,41
2813,47
2814,16
2815,78
2816,16
2817,86
2818,91
2819,35
2820,23
2821,91
2822,22
2823,4
2824,96
2825,36
2826,22
2827,91
2828,57
2829,16
2830,87
2831,65
2832,65
2833,36
2834,36
2835,41
2836,4
2837,36
2838,16
2839,19
2840,22
2841,65
2842,65
2843,91
2844,86
2845,38
2846,66
2847,36
2848,86
2849,57
2850,35
2851,96
2852,57
2853,9
2854,22
2855,91
2856,41
2857,65
2858,61
2859,22
2860,36
2861,35
2862,86
2863,86
2864,70
2865,22
2866,38
2867,53
2868,36
2869,86
2870,41
2871,65
2872,9
2873,91
2874,36
2875,39
2876,23
2877,91
2878,70
2879,32
2880,36
2881,18
2882,91
2883,23
2884,61
2885,57
2886,18
2887,9
2888,89
2889,5
2890,36
2891,9
2892,91
2893,53
2894,57
2895,65
2896,70
2897,86
2898,22
2899,18
2900,9
2901,66
2902,86
2903,70
2904,22
2905,5
2906,23
2907,66
2908,22
2909,35
2910,87
2911,22
2912,91
2913,91
2914,22
2915,91
2916,70
2917,19
2918,96
2919,86
2920,57
2921,35
2922,38
2923,66
2924,16
2925,70
2926,23
2927,70
2928,91
2929,22
2930,18
2931,23
2932,36
2933,22
2934,70
2935,16
2936,36
2937,65
2938,23
2939,96
2940,70
2941,23
2942,57
2943,16
2944,36
2945,70
2946,38
2947,41
2948,70
2949,19
2950,65
2951,41
2952,57
2953,66
2954,86
2955,5
2956,57
2957,16
2958,36
2959,22
2960,91
2961,86
2962,19
2963,36
2964,35
2965,38
2966,23
2967,22
2968,36
2969,91
2970,57
2971,38
2972,96
2973,91
2974,91
2975,33
2976,86
2977,38
2978,86
2979,36
2980,18
2981,19
2982,35
2983,57
2984,65
2985,71
2986,66
2987,36
2988,96
2989,39
2990,86
2991,70
2992,65
2993,70
2994,70
2995,22
2996,70
2997,36
2998,23
2999,91
3000,34
3001,70
3002,96
3003,66
3004,57
3005,4
3006,9
3007,19
3008,86
3009,22
3010,91
3011,38
3012,91
3013,87
3014,91
3015,86
3016,22
3017,53
3018,53
3019,67
3020,96
3021,66
3022,91
3023,66
3024,36
3025,89
3026,57
3027,65
3028,23
3029,57
3030,70
3031,22
3032,70
3033,57
3034,5
3035,22
3036,41
3037,16
3038,78
3039,38
3040,19
3041,86
3042,35
3043,23
3044,9
3045,22
3046,22
3047,36
3048,22
3049,22
3050,57
3051,96
3052,86
3053,38
3054,9
3055,16
3056,23
3057,4
3058,5
3059,23
3060,12
3061,65
3062,22
3063,91
3064,39
3065,57
3066,61
3067,57
3068,66
3069,4
3070,86
3071,67
3072,35
3073,36
3074,18
3075,23
3076,57
3077,35
3078,66
3079,41
3080,57
3081,76
3082,89
3083,16
3084,16
3085,23
3086,41
3087,36
3088,70
3089,57
3090,86
3091,70
3092,23
3093,57
3094,36
3095,22
3096,41
3097,5
3098,41
3099,65
3100,57
3101,38
3102,16
3103,9
3104,38
3105,57
3106,38
3107,65
3108,78
3109,66
3110,66
3111,16
3112,57
3113,70
3114,57
3115,70
3116,91
3117,96
3118,23
3119,23
3120,65
3121,70
3122,35
3123,57
3124,16
3125,91
3126,9
3127,91
3128,86
3129,23
3130,53
3131,41
3132,19
3133,57
3134,18
3135,14
3136,96
3137,86
3138,91
3139,36
3140,16
3141,38
3142,36
3143,66
3144,86
3145,96
3146,19
3147,22
3148,36
3149,91
3150,70
3151,96
3152,19
3153,70
3154,86
3155,91
3156,36
3157,96
3158,41
3159,4
3160,22
3161,96
3162,57
3163,16
3164,22
3165,23
3166,4
3167,22
3168,78
3169,57
3170,65
3171,36
3172,4
3173,41
3174,4
3175,65
3176,35
3177,86
3178,38
3179,91
3180,9
3181,91
3182,22
3183,65
3184,76
3185,22
3186,36
3187,57
3188,57
3189,22
3190,23
3191,22
3192,91
3193,61
3194,70
3195,22
3196,5
3197,65
3198,19
3199,22
3200,23
3201,57
3202,57
3203,61
3204,96
3205,38
3206,96
3207,57
3208,39
3209,22
3210,57
3211,22
3212,70
3213,96
3214,36
3215,86
3216,86
3217,66
3218,5
3219,22
3220,96
3221,66
3222,65
3223,23
3224,23
3225,57
3226,57
3227,38
3228,35
3229,16
3230,9
3231,16
3232,9
3233,5
3234,23
3235,65
3236,57
3237,22
3238,19
3239,57
3240,96
3241,16
3242,9
3243,57
3244,38
3245,91
3246,86
3247,91
3248,38
3249,65
3250,22
3251,9
3252,38
3253,23
3254,36
3255,57
3256,36
3257,86
3258,74
3259,96
3260,22
3261,22
3262,38
3263,41
3264,57
3265,57
3266,83
3267,5
3268,70
3269,86
3270,36
3271,96
3272,71
3273,16
3274,96
3275,57
3276,16
3277,16
3278,22
3279,65
3280,4
3281,86
3282,67
3283,19
3284,65
3285,41
3286,96
3287,23
3288,35
3289,23
3290,23
3291,5
3292,70
3293,86
3294,57
3295,57
3296,18
3297,68
3298,36
3299,65
3300,57
3301,4
3302,23
3303,35
3304,9
3305,36
3306,41
3307,4
3308,41
3309,36
3310,57
3311,86
3312,53
3313,5
3314,70
3315,23
3316,23
3317,57
3318,91
3319,16
3320,19
3321,22
3322,12
3323,61
3324,36
3325,23
3326,41
3327,22
3328,22
3329,41
3330,38
3331,36
3332,86
3333,35
3334,86
3335,9
3336,14
3337,12
3338,70
3339,65
3340,22
3341,16
3342,57
3343,9
3344,16
3345,86
3346,22
3347,57
3348,60
3349,76
3350,65
3351,86
3352,86
3353,53
3354,23
3355,71
3356,22
3357,38
3358,38
3359,4
3360,91
3361,86
3362,5
3363,57
3364,70
3365,70
3366,22
3367,23
3368,36
3369,41
3370,23
3371,19
3372,12
3373,86
3374,36
3375,22
3376,91
3377,38
3378,91
3379,86
3380,66
3381,91
3382,9
3383,36
3384,66
3385,9
3386,41
3387,37
3388,22
3389,18
3390,91
3391,91
3392,38
3393,22
3394,86
3395,5
3396,22
3397,68
3398,70
3399,66
3400,78
3401,35
3402,36
3403,71
3404,70
3405,4
3406,23
3407,53
3408,86
3409,57
3410,18
3411,91
3412,65
3413,96
3414,71
3415,41
3416,5
3417,23
3418,57
3419,35
3420,22
3421,41
3422,36
3423,23
3424,91
3425,23
3426,57
3427,87
3428,36
3429,71
3430,86
3431,19
3432,65
3433,38
3434,22
3435,65
3436,86
3437,65
3438,71
3439,65
3440,66
3441,41
3442,70
3443,3
3444,96
3445,86
3446,57
3447,4
3448,70
3449,22
3450,16
3451,86
3452,23
3453,22
3454,36
3455,5
3456,66
3457,65
3458,91
3459,89
3460,57
3461,86
3462,3
3463,96
3464,23
3465,36
3466,86
3467,23
3468,36
3469,18
3470,22
3471,86
3472,89
3473,35
3474,57
3475,66
3476,96
3477,91
3478,65
3479,86
3480,4
3481,36
3482,16
3483,18
3484,86
3485,23
3486,41
3487,89
3488,18
3489,91
3490,70
3491,89
3492,57
3493,57
3494,39
3495,70
3496,36
3497,9
3498,65
3499,19
3500,3
3501,22
3502,86
3503,18
3504,16
3505,61
3506,4
3507,70
3508,5
3509,86
3510,61
3511,3
3512,65
3513,86
3514,96
3515,57
3516,22
3517,4
3518,22
3519,86
3520,91
3521,61
3522,70
3523,91
3524,41
3525,86
3526,57
3527,23
3528,22
3529,23
3530,3
3531,22
3532,53
3533,57
3534,16
3535,57
3536,4
3537,16
3538,86
3539,35
3540,89
3541,36
3542,86
3543,22
3544,41
3545,96
3546,41
3547,66
3548,96
3549,22
3550,16
3551,57
3552,65
3553,16
3554,4
3555,57
3556,66
3557,36
3558,35
3559,23
3560,91
3561,86
3562,57
3563,70
3564,22
3565,96
3566,91
3567,18
3568,38
3569,35
3570,36
3571,38
3572,86
3573,86
3574,70
3575,5
3576,35
3577,22
3578,87
3579,96
3580,86
3581,19
3582,36
3583,89
3584,36
3585,22
3586,57
3587,70
3588,71
3589,38
3590,38
3591,70
3592,38
3593,86
3594,23
3595,86
3596,96
3597,70
3598,41
3599,91
3600,57
3601,53
3602,23
3603,16
3604,57
3605,38
3606,89
3607,86
3608,35
3609,78
3610,70
3611,86
3612,38
3613,4
3614,5
3615,19
3616,91
3617,65
3618,96
3619,76
3620,86
3621,91
3622,65
3623,65
3624,57
3625,36
3626,86
3627,22
3628,91
3629,91
3630,70
3631,91
3632,39
3633,23
3634,91
3635,36
3636,66
3637,86
3638,96
3639,23
3640,16
3641,41
3642,38
3643,19
3644,86
3645,18
3646,70
3647,57
3648,9
3649,23
3650,38
3651,91
3652,91
3653,70
3654,4
3655,86
3656,57
3657,22
3658,57
3659,91
3660,5
3661,65
3662,9
3663,36
3664,16
3665,22
3666,41
3667,96
3668,22
3669,78
3670,22
3671,91
3672,22
3673,41
3674,39
3675,91
3676,65
3677,86
3678,36
3679,53
3680,23
3681,18
3682,65
3683,41
3684,18
3685,35
3686,91
3687,3
3688,66
3689,36
3690,5
3691,57
3692,86
3693,23
3694,91
3695,23
3696,96
3697,18
3698,22
3699,86
3700,57
3701,12
3702,41
3703,23
3704,36
3705,9
3706,86
3707,9
3708,9
3709,53
3710,41
3711,96
3712,23
3713,86
3714,22
3715,22
3716,23
3717,86
3718,35
3719,9
3720,38
3721,53
3722,18
3723,16
3724,57
3725,57
3726,23
3727,36
3728,9
3729,23
3730,96
3731,4
3732,3
3733,22
3734,35
3735,9
3736,65
3737,35
3738,71
3739,43
3740,22
3741,70
3742,57
3743,23
3744,86
3745,19
3746,5
3747,38
3748,19
3749,22
3750,57
3751,71
3752,22
3753,38
3754,22
3755,22
3756,91
3757,86
3758,22
3759,91
3760,36
3761,38
3762,16
3763,86
3764,16
3765,23
3766,91
3767,9
3768,4
3769,22
3770,86
3771,9
3772,35
3773,65
3774,22
3775,91
3776,18
3777,22
3778,4
3779,70
3780,38
3781,86
3782,41
3783,86
3784,91
3785,66
3786,22
3787,41
3788,91
3789,22
3790,78
3791,57
3792,65
3793,16
3794,35
3795,22
3796,38
3797,22
3798,66
3799,3
3800,96
3801,36
3802,36
3803,53
3804,57
3805,41
3806,66
3807,91
3808,70
3809,5
3810,86
3811,40
3812,65
3813,5
3814,23
3815,65
3816,41
3817,16
3818,36
3819,35
3820,70
3821,16
3822,35
3823,5
3824,96
3825,36
3826,86
3827,38
3828,57
3829,57
3830,78
3831,22
3832,36
3833,91
3834,16
3835,23
3836,3
3837,66
3838,18
3839,68
3840,22
3841,66
3842,57
3843,9
3844,36
3845,57
3846,19
3847,70
3848,23
3849,86
3850,65
3851,22
3852,23
3853,22
3854,9
3855,91
3856,65
3857,57
3858,65
3859,86
3860,41
3861,23
3862,86
3863,57
3864,5
3865,86
3866,57
3867,23
3868,86
3869,66
3870,86
3871,86
3872,35
3873,70
3874,57
3875,22
3876,38
3877,9
3878,86
3879,16
3880,91
3881,86
3882,86
3883,87
3884,86
3885,22
3886,61
3887,65
3888,86
3889,22
3890,91
3891,38
3892,22
3893,57
3894,71
3895,66
3896,36
3897,36
3898,96
3899,39
3900,22
3901,86
3902,41
3903,41
3904,23
3905,39
3906,22
3907,57
3908,66
3909,4
3910,38
3911,35
3912,70
3913,4
3914,19
3915,18
3916,35
3917,41
3918,36
3919,22
3920,9
3921,57
3922,57
3923,41
3924,91
3925,57
3926,38
3927,66
3928,36
3929,16
3930,22
3931,86
3932,16
3933,36
3934,23
3935,22
3936,65
3937,96
3938,22
3939,4
3940,22
3941,22
3942,38
3943,35
3944,57
3945,70
3946,65
3947,22
3948,66
3949,70
3950,14
3951,87
3952,76
3953,86
3954,38
3955,38
3956,36
3957,91
3958,78
3959,35
3960,41
3961,65
3962,70
3963,36
3964,86
3965,36
3966,57
3967,19
3968,91
3969,86
3970,91
3971,70
3972,57
3973,23
3974,3
3975,3
3976,36
3977,96
3978,57
3979,5
3980,22
3981,61
3982,70
3983,66
3984,4
3985,23
3986,19
3987,36
3988,57
3989,70
3990,22
3991,18
3992,91
3993,57
3994,57
3995,19
3996,91
3997,22
3998,3
3999,86
4000,18
4001,23
4002,61
4003,22
4004,91
4005,70
4006,35
4007,86
4008,38
4009,38
4010,22
4011,23
4012,22
4013,61
4014,65
4015,16
4016,22
4017,36
4018,96
4019,42
4020,57
4021,18
4022,4
4023,18
4024,41
4025,65
4026,96
4027,70
4028,35
4029,36
4030,96
4031,22
4032,36
4033,70
4034,96
4035,9
4036,35
4037,41
4038,23
4039,3
4040,9
4041,96
4042,16
4043,67
4044,41
4045,70
4046,19
4047,38
4048,22
4049,96
4050,86
4051,86
4052,91
4053,38
4054,4
4055,86
4056,19
4057,66
4058,12
4059,57
4060,96
4061,57
4062,23
4063,9
4064,36
4065,86
4066,65
4067,61
4068,38
4069,66
4070,86
4071,19
4072,96
4073,22
4074,3
4075,86
4076,36
4077,38
4078,3
4079,57
4080,36
4081,36
4082,36
4083,23
4084,41
4085,18
4086,3
4087,71
4088,70
4089,57
4090,91
4091,57
4092,70
4093,86
4094,36
4095,86
4096,18
4097,41
4098,22
4099,23
4100,96
4101,44
4102,66
4103,19
4104,23
4105,41
4106,23
4107,41
4108,5
4109,66
4110,65
4111,70
4112,57
4113,22
4114,22
4115,22
4116,38
4117,96
4118,36
4119,16
4120,66
4121,35
4122,12
4123,86
4124,22
4125,41
4126,5
4127,86
4128,18
4129,91
4130,96
4131,70
4132,36
4133,96
4134,35
4135,23
4136,3
4137,36
4138,19
4139,86
4140,57
4141,86
4142,38
4143,22
4144,86
4145,36
4146,4
4147,36
4148,38
4149,70
4150,70
4151,36
4152,57
4153,5
4154,36
4155,65
4156,57
4157,9
4158,36
4159,16
4160,35
4161,4
4162,57
4163,70
4164,70
4165,57
4166,86
4167,66
4168,23
4169,57
4170,57
4171,57
4172,57
4173,9
4174,86
4175,70
4176,57
4177,65
4178,3
4179,61
4180,86
4181,86
4182,9
4183,39
4184,86
4185,65
4186,96
4187,4
4188,22
4189,65
4190,22
4191,19
4192,9
4193,4
4194,35
4195,70
4196,22
4197,41
4198,91
4199,23
4200,19
4201,4
4202,41
4203,91
4204,3
4205,38
4206,96
4207,96
4208,66
4209,4
4210,76
4211,57
4212,9
4213,57
4214,57
4215,16
4216,38
4217,23
4218,3
4219,57
4220,38
4221,19
4222,70
4223,70
4224,70
4225,9
4226,96
4227,4
4228,18
4229,78
4230,23
4231,86
4232,61
4233,96
4234,65
4235,41
4236,36
4237,57
4238,70
4239,18
4240,23
4241,57
4242,36
4243,91
4244,23
4245,19
4246,86
4247,36
4248,91
4249,86
4250,38
4251,65
4252,18
4253,18
4254,78
4255,36
4256,9
4257,22
4258,70
4259,86
4260,36
4261,41
4262,38
4263,65
4264,91
4265,57
4266,35
4267,70
4268,65
4269,18
4270,19
4271,65
4272,22
4273,4
4274,18
4275,35
4276,38
4277,41
4278,22
4279,36
4280,57
4281,61
4282,91
4283,35
4284,57
4285,78
4286,68
4287,66
4288,38
4289,86
4290,71
4291,5
4292,91
4293,86
4294,36
4295,3
4296,96
4297,86
4298,41
4299,91
4300,9
4301,76
4302,5
4303,96
4304,86
4305,61
4306,22
4307,86
4308,35
4309,70
4310,86
4311,9
4312,35
4313,70
4314,91
4315,91
4316,70
4317,86
4318,66
4319,23
4320,70
4321,38
4322,96
4323,70
4324,70
4325,18
4326,12
4327,18
4328,70
4329,18
4330,67
4331,70
4332,9
4333,19
4334,16
4335,14
4336,57
4337,22
4338,86
4339,86
4340,4
4341,41
4342,38
4343,57
4344,22
4345,35
4346,70
4347,22
4348,65
4349,22
4350,86
4351,22
4352,22
4353,16
4354,35
4355,38
4356,36
4357,23
4358,18
4359,39
4360,86
4361,18
4362,19
4363,4
4364,5
4365,22
4366,5
4367,86
4368,36
4369,41
4370,18
4371,86
4372,41
4373,9
4374,70
4375,86
4376,70
4377,22
4378,38
4379,61
4380,38
4381,9
4382,57
4383,19
4384,23
4385,86
4386,23
4387,86
4388,65
4389,41
4390,86
4391,86
4392,66
4393,23
4394,5
4395,66
4396,65
4397,66
4398,39
4399,23
4400,16
4401,65
4402,22
4403,9
4404,53
4405,23
4406,96
4407,41
4408,86
4409,12
4410,22
4411,41
4412,86
4413,9
4414,9
4415,66
4416,78
4417,57
4418,36
4419,41
4420,86
4421,91
4422,23
4423,35
4424,91
4425,91
4426,86
4427,3
4428,91
4429,91
4430,70
4431,65
4432,57
4433,53
4434,35
4435,41
4436,5
4437,19
4438,22
4439,66
4440,91
4441,70
4442,22
4443,57
4444,22
4445,4
4446,23
4447,35
4448,86
4449,70
4450,23
4451,22
4452,91
4453,65
4454,91
4455,66
4456,86
4457,66
4458,57
4459,22
4460,3
4461,65
4462,36
4463,36
4464,86
4465,41
4466,23
4467,19
4468,9
4469,23
4470,22
4471,57
4472,96
4473,57
4474,38
4475,57
4476,86
4477,70
4478,22
4479,65
4480,91
4481,22
4482,86
4483,66
4484,71
4485,38
4486,96
4487,41
4488,23
4489,36
4490,35
4491,48
4492,23
4493,74
4494,41
4495,36
4496,91
4497,68
4498,3
4499,36
4500,91
4501,66
4502,66
4503,86
4504,18
4505,23
4506,57
4507,70
4508,22
4509,91
4510,86
4511,61
4512,39
4513,16
4514,16
4515,91
4516,36
4517,38
4518,91
4519,16
4520,22
4521,36
4522,23
4523,86
4524,57
4525,65
4526,91
4527,91
4528,38
4529,46
4530,86
4531,89
4532,35
4533,23
4534,5
4535,86
4536,4
4537,16
4538,78
4539,16
4540,89
4541,91
4542,41
4543,57
4544,96
4545,22
4546,41
4547,35
4548,14
4549,22
4550,91
4551,41
4552,57
4553,23
4554,71
4555,9
4556,23
4557,86
4558,39
4559,57
4560,9
4561,22
4562,38
4563,36
4564,14
4565,36
4566,70
4567,36
4568,41
4569,66
4570,86
4571,22
4572,57
4573,36
4574,35
4575,70
4576,86
4577,9
4578,86
4579,70
4580,22
4581,19
4582,22
4583,5
4584,53
4585,96
4586,22
4587,23
4588,76
4589,36
4590,91
4591,57
4592,91
4593,41
4594,5
4595,23
4596,57
4597,38
4598,9
4599,86
4600,71
4601,70
4602,91
4603,16
4604,38
4605,86
4606,19
4607,31
4608,38
4609,57
4610,22
4611,91
4612,86
4613,22
4614,23
4615,23
4616,22
4617,57
4618,70
4619,9
4620,91
4621,66
4622,5
4623,65
4624,35
4625,66
4626,91
4627,91
4628,91
4629,57
4630,36
4631,91
4632,16
4633,66
4634,41
4635,16
4636,22
4637,36
4638,36
4639,57
4640,22
4641,35
4642,35
4643,86
4644,70
4645,91
4646,57
4647,65
4648,3
4649,38
4650,5
4651,22
4652,4
4653,9
4654,91
4655,91
4656,86
4657,35
4658,36
4659,22
4660,22
4661,23
4662,70
4663,91
4664,36
4665,36
4666,67
4667,70
4668,78
4669,86
4670,16
4671,22
4672,65
4673,22
4674,57
4675,57
4676,70
4677,38
4678,96
4679,91
4680,41
4681,3
4682,65
4683,70
4684,18
4685,66
4686,86
4687,70
4688,96
4689,3
4690,9
4691,41
4692,57
4693,86
4694,96
4695,39
4696,86
4697,41
4698,70
4699,36
4700,38
4701,86
4702,16
4703,41
4704,22
4705,57
4706,57
4707,91
4708,91
4709,41
4710,61
4711,5
4712,12
4713,19
4714,86
4715,38
4716,9
4717,4
4718,86
4719,57
4720,86
4721,38
4722,91
4723,86
4724,57
4725,57
4726,57
4727,86
4728,16
4729,66
4730,36
4731,22
4732,96
4733,57
4734,36
4735,19
4736,57
4737,23
4738,35
4739,66
4740,70
4741,36
4742,86
4743,57
4744,22
4745,57
4746,91
4747,22
4748,89
4749,57
4750,86
4751,57
4752,70
4753,96
4754,3
4755,48
4756,41
4757,23
4758,9
4759,41
4760,89
4761,91
4762,35
4763,16
4764,76
4765,70
4766,86
4767,61
4768,86
4769,91
4770,41
4771,67
4772,38
4773,35
4774,35
4775,61
4776,23
4777,38
4778,61
4779,36
4780,70
4781,38
4782,16
4783,35
4784,36
4785,70
4786,38
4787,66
4788,96
4789,4
4790,70
4791,16
4792,18
4793,41
4794,65
4795,86
4796,70
4797,68
4798,19
4799,65
4800,36
4801,35
4802,38
4803,5
4804,22
4805,86
4806,86
4807,23
4808,91
4809,22
4810,91
4811,38
4812,18
4813,57
4814,23
4815,91
4816,4
4817,35
4818,96
4819,96
4820,22
4821,18
4822,65
4823,19
4824,86
4825,66
4826,66
4827,91
4828,22
4829,38
4830,41
4831,57
4832,4
4833,41
4834,19
4835,23
4836,66
4837,22
4838,38
4839,65
4840,3
4841,23
4842,36
4843,41
4844,18
4845,35
4846,57
4847,96
4848,4
4849,70
4850,91
4851,66
4852,36
4853,65
4854,22
4855,36
4856,36
4857,18
4858,66
4859,3
4860,16
4861,4
4862,38
4863,38
4864,91
4865,78
4866,36
4867,36
4868,53
4869,66
4870,66
4871,23
4872,86
4873,91
4874,66
4875,23
4876,65
4877,86
4878,19
4879,36
4880,22
4881,4
4882,86
4883,9
4884,38
4885,86
4886,38
4887,23
4888,38
4889,38
4890,36
4891,57
4892,87
4893,86
4894,19
4895,23
4896,66
4897,23
4898,91
4899,38
4900,86
4901,91
4902,23
4903,86
4904,38
4905,57
4906,53
4907,65
4908,22
4909,86
4910,57
4911,57
4912,57
4913,91
4914,41
4915,57
4916,57
4917,83
4918,41
4919,5
4920,36
4921,65
4922,3
4923,23
4924,41
4925,35
4926,86
4927,23
4928,96
4929,91
4930,66
4931,86
4932,76
4933,19
4934,86
4935,57
4936,5
4937,4
4938,91
4939,86
4940,38
4941,22
4942,22
4943,71
4944,43
4945,36
4946,16
4947,5
4948,4
4949,16
4950,91
4951,91
4952,57
4953,23
4954,41
4955,57
4956,3
4957,38
4958,86
4959,38
4960,36
4961,18
4962,86
4963,96
4964,16
4965,22
4966,19
4967,4
4968,23
4969,4
4970,3
4971,19
4972,18
4973,23
4974,86
4975,22
4976,53
4977,65
4978,91
4979,18
4980,16
4981,5
4982,3
4983,66
4984,5
4985,70
4986,86
4987,3
4988,38
4989,65
4990,9
4991,23
4992,76
4993,65
4994,38
4995,65
4996,96
4997,16
4998,65
4999,4
5000,57
5001,12
5002,36
5003,16
5004,9
5005,23
5006,91
5007,18
5008,23
5009,57
5010,3
5011,70
5012,74
5013,65
5014,5
5015,86
5016,19
5017,57
5018,41
5019,36
5020,57
5021,9
5022,57
5023,86
5024,22
5025,86
5026,19
5027,36
5028,57
5029,57
5030,9
5031,57
5032,9
5033,22
5034,36
5035,66
5036,36
5037,96
5038,36
5039,12
5040,41
5041,23
5042,41
5043,86
5044,65
5045,23
5046,41
5047,23
5048,4
5049,91
5050,70
5051,36
5052,16
5053,86
5054,57
5055,3
5056,86
5057,36
5058,38
5059,91
5060,36
5061,38
5062,18
5063,86
5064,65
5065,19
5066,86
5067,23
5068,57
5069,18
5070,91
5071,91
5072,36
5073,4
5074,19
5075,36
5076,22
5077,91
5078,67
5079,36
5080,70
5081,91
5082,96
5083,9
5084,89
5085,3
5086,91
5087,65
5088,19
5089,65
5090,86
5091,36
5092,36
5093,36
5094,36
5095,57
5096,3
5097,65
5098,39
5099,70
5100,12
5101,19
5102,38
5103,57
5104,70
5105,65
5106,57
5107,38
5108,91
5109,91
5110,70
5111,86
5112,65
5113,19
5114,53
5115,16
5116,38
5117,89
5118,23
5119,91
5120,57
5121,16
5122,36
5123,41
5124,9
5125,12
5126,38
5127,86
5128,36
5129,4
5130,12
5131,36
5132,65
5133,57
5134,86
5135,53
5136,12
5137,5
5138,96
5139,57
5140,22
5141,38
5142,65
5143,86
5144,57
5145,65
5146,86
5147,76
5148,4
5149,18
5150,96
5151,23
5152,36
5153,96
5154,86
5155,36
5156,65
5157,23
5158,23
5159,23
5160,86
5161,57
5162,35
5163,23
5164,23
5165,4
5166,91
5167,16
5168,78
5169,86
5170,9
5171,57
5172,23
5173,89
5174,57
5175,91
5176,66
5177,65
5178,61
5179,86
5180,38
5181,23
5182,91
5183,65
5184,41
5185,23
5186,36
5187,14
5188,38
5189,4
5190,41
5191,41
5192,22
5193,5
5194,23
5195,91
5196,65
5197,53
5198,41
5199,23
5200,96
5201,91
5202,22
5203,35
5204,86
5205,9
5206,89
5207,3
5208,23
5209,61
5210,57
5211,36
5212,61
5213,89
5214,3
5215,66
5216,41
5217,96
5218,9
5219,86
5220,35
5221,35
5222,35
5223,4
5224,23
5225,67
5226,91
5227,18
5228,96
5229,36
5230,96
5231,57
5232,57
5233,57
5234,23
5235,53
5236,35
5237,36
5238,36
5239,35
5240,22
5241,76
5242,57
5243,86
5244,65
5245,36
5246,36
5247,18
5248,23
5249,57
5250,65
5251,57
5252,64
5253,65
5254,57
5255,70
5256,35
5257,70
5258,86
5259,35
5260,86
5261,36
5262,96
5263,65
5264,38
5265,16
5266,38
5267,61
5268,22
5269,36
5270,91
5271,3
5272,86
5273,4
5274,36
5275,36
5276,89
5277,70
5278,66
5279,57
5280,86
5281,65
5282,49
5283,22
5284,35
5285,19
5286,91
5287,5
5288,23
5289,65
5290,57
5291,86
5292,50
5293,57
5294,91
5295,36
5296,70
5297,19
5298,57
5299,36
5300,36
5301,4
5302,65
5303,19
5304,91
5305,87
5306,3
5307,96
5308,86
5309,57
5310,57
5311,19
5312,16
5313,57
5314,57
5315,61
5316,4
5317,86
5318,22
5319,91
5320,36
5321,36
5322,36
5323,91
5324,36
5325,38
5326,86
5327,96
5328,70
5329,91
5330,41
5331,96
5332,36
5333,76
5334,65
5335,91
5336,38
5337,22
5338,86
5339,57
5340,86
5341,57
5342,41
5343,57
5344,57
5345,38
5346,91
5347,78
5348,23
5349,65
5350,57
5351,41
5352,14
5353,57
5354,86
5355,87
5356,91
5357,41
5358,22
5359,51
5360,12
5361,57
5362,3
5363,76
5364,41
5365,91
5366,41
5367,66
5368,36
5369,86
5370,3
5371,70
5372,36
5373,57
5374,41
5375,57
5376,86
5377,86
5378,35
5379,70
5380,86
5381,4
5382,57
5383,3
5384,18
5385,65
5386,3
5387,39
5388,9
5389,35
5390,91
5391,65
5392,18
5393,41
5394,19
5395,66
5396,22
5397,65
5398,57
5399,91
5400,35
5401,57
5402,22
5403,36
5404,36
5405,87
5406,86
5407,36
5408,70
5409,57
5410,23
5411,41
5412,5
5413,66
5414,36
5415,23
5416,16
5417,41
5418,53
5419,65
5420,91
5421,86
5422,86
5423,70
5424,65
5425,86
5426,23
5427,41
5428,22
5429,91
5430,16
5431,9
5432,66
5433,70
5434,36
5435,52
5436,66
5437,35
5438,57
5439,57
5440,22
5441,35
5442,3
5443,86
5444,65
5445,12
5446,57
5447,23
5448,86
5449,22
5450,3
5451,36
5452,57
5453,91
5454,18
5455,9
5456,91
5457,9
5458,4
5459,57
5460,36
5461,9
5462,86
5463,86
5464,36
5465,38
5466,67
5467,91
5468,22
5469,23
5470,70
5471,65
5472,86
5473,70
5474,96
5475,9
5476,41
5477,35
5478,19
5479,91
5480,22
5481,4
5482,96
5483,12
5484,18
5485,41
5486,23
5487,91
5488,23
5489,22
5490,41
5491,22
5492,36
5493,41
5494,91
5495,18
5496,16
5497,23
5498,86
5499,70
5500,57
5501,23
5502,91
5503,70
5504,19
5505,57
5506,91
5507,38
5508,9
5509,86
5510,70
5511,86
5512,5
5513,86
5514,65
5515,70
5516,36
5517,57
5518,36
5519,96
5520,65
5521,57
5522,91
5523,91
5524,61
5525,23
5526,35
5527,53
5528,38
5529,67
5530,70
5531,91
5532,57
5533,70
5534,86
5535,65
5536,74
5537,4
5538,71
5539,41
5540,86
5541,9
5542,5
5543,57
5544,41
5545,91
5546,22
5547,91
5548,9
5549,18
5550,65
5551,86
5552,16
5553,54
5554,9
5555,4
5556,18
5557,65
5558,57
5559,22
5560,86
5561,19
5562,38
5563,41
5564,14
5565,57
5566,16
5567,57
5568,91
5569,22
5570,86
5571,91
5572,41
5573,55
5574,86
5575,65
5576,36
5577,65
5578,22
5579,41
5580,65
5581,91
5582,22
5583,86
5584,70
5585,36
5586,71
5587,23
5588,23
5589,36
5590,65
5591,86
5592,3
5593,96
5594,70
5595,57
5596,22
5597,5
5598,36
5599,19
5600,4
5601,36
5602,65
5603,61
5604,96
5605,56
5606,57
5607,23
5608,66
5609,61
5610,41
5611,78
5612,86
5613,36
5614,36
5615,66
5616,36
5617,23
5618,18
5619,91
5620,53
5621,22
5622,66
5623,16
5624,22
5625,70
5626,3
5627,86
5628,22
5629,57
5630,4
5631,19
5632,91
5633,41
5634,65
5635,57
5636,65
5637,86
5638,41
5639,9
5640,86
5641,38
5642,41
5643,86
5644,18
5645,65
5646,39
5647,9
5648,3
5649,91
5650,57
5651,57
5652,22
5653,86
5654,39
5655,78
5656,61
5657,41
5658,36
5659,65
5660,91
5661,23
5662,9
5663,22
5664,70
5665,58
5666,22
5667,39
5668,57
5669,23
5670,18
5671,22
5672,86
5673,89
5674,53
5675,57
5676,16
5677,18
5678,22
5679,36
5680,12
5681,35
5682,86
5683,9
5684,57
5685,14
5686,91
5687,9
5688,86
5689,91
5690,53
5691,65
5692,19
5693,65
5694,66
5695,41
5696,22
5697,41
5698,61
5699,57
5700,38
5701,35
5702,57
5703,18
5704,96
5705,36
5706,18
5707,22
5708,60
5709,18
5710,65
5711,96
5712,3
5713,16
5714,38
5715,9
5716,87
5717,36
5718,86
5719,35
5720,23
5721,91
5722,86
5723,4
5724,41
5725,91
5726,41
5727,22
5728,96
5729,23
5730,36
5731,19
5732,78
5733,36
5734,36
5735,36
5736,66
5737,38
5738,91
5739,9
5740,96
5741,22
5742,22
5743,36
5744,57
5745,22
5746,35
5747,86
5748,70
5749,41
5750,9
5751,86
5752,36
5753,36
5754,86
5755,41
5756,41
5757,66
5758,57
5759,41
5760,12
5761,96
5762,70
5763,22
5764,41
5765,70
5766,4
5767,23
5768,91
5769,70
5770,91
5771,96
5772,96
5773,38
5774,86
5775,16
5776,22
5777,91
5778,36
5779,96
5780,70
5781,19
5782,22
5783,86
5784,57
5785,38
5786,36
5787,91
5788,70
5789,89
5790,41
5791,65
5792,70
5793,66
5794,65
5795,22
5796,3
5797,36
5798,38
5799,91
5800,22
5801,57
5802,3
5803,91
5804,5
5805,86
5806,36
5807,86
5808,5
5809,96
5810,76
5811,4
5812,38
5813,66
5814,5
5815,91
5816,57
5817,16
5818,70
5819,38
5820,22
5821,22
5822,74
5823,36
5824,41
5825,38
5826,3
5827,53
5828,36
5829,36
5830,70
5831,91
5832,70
5833,91
5834,91
5835,36
5836,35
5837,18
5838,57
5839,66
5840,86
5841,86
5842,86
5843,96
5844,86
5845,96
5846,22
5847,38
5848,91
5849,9
5850,23
5851,70
5852,86
5853,22
5854,16
5855,16
5856,66
5857,41
5858,5
5859,3
5860,57
5861,38
5862,86
5863,89
5864,70
5865,23
5866,96
5867,86
5868,96
5869,86
5870,23
5871,23
5872,36
5873,96
5874,22
5875,16
5876,91
5877,57
5878,65
5879,71
5880,91
5881,96
5882,3
5883,66
5884,9
5885,57
5886,18
5887,23
5888,19
5889,23
5890,4
5891,18
5892,86
5893,19
5894,35
5895,41
5896,65
5897,36
5898,57
5899,86
5900,39
5901,36
5902,96
5903,36
5904,23
5905,65
5906,86
5907,61
5908,18
5909,57
5910,86
5911,3
5912,23
5913,23
5914,19
5915,36
5916,86
5917,36
5918,86
5919,60
5920,65
5921,4
5922,22
5923,86
5924,78
5925,4
5926,19
5927,36
5928,57
5929,23
5930,22
5931,66
5932,35
5933,86
5934,23
5935,86
5936,91
5937,3
5938,41
5939,38
5940,70
5941,96
5942,59
5943,91
5944,70
5945,36
5946,41
5947,86
5948,86
5949,36
5950,35
5951,68
5952,57
5953,57
5954,18
5955,66
5956,38
5957,61
5958,16
5959,9
5960,22
5961,16
5962,19
5963,18
5964,36
5965,23
5966,5
5967,23
5968,22
5969,38
5970,38
5971,36
5972,65
5973,36
5974,41
5975,41
5976,4
5977,16
5978,22
5979,5
5980,3
5981,89
5982,22
5983,57
5984,91
5985,86
5986,57
5987,41
5988,71
5989,38
5990,70
5991,19
5992,70
5993,38
5994,91
5995,57
5996,36
5997,22
5998,65
5999,53
6000,86
6001,18
6002,96
6003,36
6004,86
6005,86
6006,36
6007,86
6008,38
6009,36
6010,65
6011,9
6012,9
6013,18
6014,57
6015,57
6016,9
6017,23
6018,9
6019,35
6020,38
6021,35
6022,41
6023,57
6024,70
6025,39
6026,66
6027,86
6028,22
6029,62
6030,23
6031,22
6032,16
6033,57
6034,86
6035,23
6036,86
6037,22
6038,96
6039,23
6040,57
6041,36
6042,3
6043,19
6044,91
6045,35
6046,91
6047,36
6048,57
6049,96
6050,36
6051,65
6052,66
6053,9
6054,86
6055,78
6056,47
6057,4
6058,5
6059,57
6060,70
6061,61
6062,65
6063,41
6064,68
6065,91
6066,65
6067,86
6068,9
6069,16
6070,36
6071,18
6072,22
6073,86
6074,60
6075,41
6076,96
6077,63
6078,36
6079,16
6080,70
6081,38
6082,41
6083,91
6084,38
6085,23
6086,22
6087,66
6088,57
6089,66
6090,57
6091,36
6092,22
6093,57
6094,91
6095,57
6096,22
6097,16
6098,22
6099,86
6100,91
6101,22
6102,5
6103,65
6104,38
6105,96
6106,39
6107,22
6108,89
6109,89
6110,22
6111,22
6112,41
6113,91
6114,5
6115,36
6116,41
6117,36
6118,23
6119,19
6120,22
6121,35
6122,41
6123,16
6124,9
6125,9
6126,91
6127,96
6128,86
6129,78
6130,91
6131,35
6132,57
6133,35
6134,66
6135,71
6136,16
6137,22
6138,76
6139,36
6140,35
6141,91
6142,38
6143,23
6144,35
6145,36
6146,66
6147,19
6148,4
6149,36
6150,4
6151,57
6152,23
6153,86
6154,35
6155,41
6156,41
6157,5
6158,36
6159,70
6160,86
6161,57
6162,22
6163,70
6164,89
6165,86
6166,86
6167,9
6168,36
6169,86
6170,57
6171,5
6172,57
6173,87
6174,71
6175,35
6176,91
6177,86
6178,86
6179,19
6180,86
6181,23
6182,16
6183,66
6184,4
6185,12
6186,65
6187,22
6188,86
6189,36
6190,57
6191,66
6192,91
6193,61
6194,86
6195,4
6196,16
6197,91
6198,57
6199,36
6200,38
6201,86
6202,57
6203,18
6204,23
6205,19
6206,35
6207,57
6208,57
6209,86
6210,66
6211,41
6212,86
6213,57
6214,19
6215,57
6216,91
6217,18
6218,70
6219,23
6220,36
6221,38
6222,66
6223,91
6224,57
6225,86
6226,23
6227,22
6228,19
6229,36
6230,22
6231,66
6232,36
6233,66
6234,23
6235,57
6236,74
6237,66
6238,57
6239,22
6240,9
6241,41
6242,57
6243,22
6244,36
6245,86
6246,23
6247,91
6248,76
6249,86
6250,35
6251,9
6252,41
6253,70
6254,91
6255,22
6256,91
6257,96
6258,5
6259,91
6260,86
6261,9
6262,86
6263,22
6264,65
6265,5
6266,36
6267,22
6268,35
6269,57
6270,23
6271,91
6272,86
6273,96
6274,86
6275,91
6276,36
6277,91
6278,71
6279,57
6280,22
6281,91
6282,91
6283,96
6284,70
6285,66
6286,96
6287,41
6288,57
6289,41
6290,86
6291,65
6292,22
6293,76
6294,4
6295,36
6296,86
6297,5
6298,22
6299,5
6300,65
6301,22
6302,65
6303,23
6304,4
6305,70
6306,3
6307,18
6308,19
6309,22
6310,70
6311,41
6312,96
6313,5
6314,91
6315,91
6316,57
6317,71
6318,66
6319,22
6320,9
6321,86
6322,16
6323,22
6324,70
6325,23
6326,57
6327,86
6328,65
6329,86
6330,36
6331,91
6332,23
6333,23
6334,70
6335,18
6336,36
6337,91
6338,91
6339,38
6340,41
6341,19
6342,65
6343,86
6344,96
6345,23
6346,53
6347,45
6348,57
6349,38
6350,3
6351,91
6352,4
6353,96
6354,36
6355,66
6356,86
6357,3
6358,91
6359,16
6360,38
6361,70
6362,23
6363,57
6364,35
6365,36
6366,3
6367,65
6368,65
6369,23
6370,41
6371,22
6372,38
6373,41
6374,4
6375,16
6376,16
6377,9
6378,22
6379,86
6380,91
6381,86
6382,41
6383,70
6384,23
6385,22
6386,91
6387,18
6388,71
6389,57
6390,86
6391,91
6392,23
6393,39
6394,4
6395,86
6396,86
6397,86
6398,70
6399,9
6400,65
6401,38
6402,35
6403,3
6404,19
6405,36
6406,76
6407,23
6408,23
6409,19
6410,3
6411,9
6412,19
6413,70
6414,19
6415,16
6416,86
6417,18
6418,9
6419,3
6420,5
6421,23
6422,35
6423,70
6424,78
6425,18
6426,23
6427,4
6428,65
6429,22
6430,65
6431,91
6432,57
6433,67
6434,4
6435,36
6436,19
6437,57
6438,57
6439,57
6440,60
6441,86
6442,22
6443,23
6444,78
6445,65
6446,57
6447,9
6448,41
6449,36
6450,91
6451,86
6452,65
6453,89
6454,38
6455,66
6456,86
6457,86
6458,16
6459,57
6460,22
6461,16
6462,66
6463,36
6464,70
6465,4
6466,41
6467,38
6468,70
6469,38
6470,57
6471,23
6472,22
6473,36
6474,91
6475,70
6476,41
6477,57
6478,16
6479,70
6480,91
6481,16
6482,86
6483,86
6484,47
6485,18
6486,70
6487,57
6488,91
6489,91
6490,65
6491,57
6492,57
6493,22
6494,57
6495,19
6496,86
6497,19
6498,18
6499,36
6500,23
6501,57
6502,22
6503,57
6504,91
6505,16
6506,57
6507,96
6508,65
6509,14
6510,9
6511,70
6512,23
6513,14
6514,36
6515,91
6516,76
6517,70
6518,3
6519,14
6520,22
6521,22
6522,86
6523,70
6524,4
6525,35
6526,22
6527,23
6528,57
6529,65
6530,23
6531,86
6532,67
6533,65
6534,91
6535,22
6536,86
6537,16
6538,4
6539,9
6540,9
6541,57
6542,16
6543,60
6544,86
6545,65
6546,3
6547,41
6548,16
6549,57
6550,91
6551,57
6552,18
6553,22
6554,86
6555,23
6556,91
6557,38
6558,57
6559,57
6560,41
6561,23
6562,23
6563,9
6564,91
6565,4
6566,4
6567,9
6568,86
6569,53
6570,86
6571,38
6572,5
6573,9
6574,22
6575,57
6576,41
6577,19
6578,91
6579,53
6580,91
6581,22
6582,70
6583,91
6584,86
6585,86
6586,91
6587,57
6588,86
6589,23
6590,36
6591,91
6592,65
6593,35
6594,70
6595,91
6596,22
6597,86
6598,3
6599,70
6600,38
6601,9
6602,66
6603,22
6604,9
6605,41
6606,22
6607,65
6608,57
6609,5
6610,36
6611,66
6612,4
6613,57
6614,41
6615,70
6616,86
6617,36
6618,3
6619,78
6620,16
6621,53
6622,91
6623,61
6624,36
6625,65
6626,57
6627,91
6628,68
6629,5
6630,57
6631,36
6632,57
6633,38
6634,35
6635,36
6636,38
6637,35
6638,71
6639,96
6640,91
6641,61
6642,36
6643,3
6644,65
6645,19
6646,38
6647,86
6648,9
6649,86
6650,86
6651,57
6652,35
6653,96
6654,18
6655,23
6656,89
6657,12
6658,19
6659,18
6660,65
6661,91
6662,65
6663,22
6664,35
6665,19
6666,23
6667,86
6668,16
6669,91
6670,5
6671,57
6672,96
6673,57
6674,23
6675,31
6676,19
6677,41
6678,3
6679,86
6680,57
6681,36
6682,57
6683,41
6684,18
6685,86
6686,41
6687,9
6688,41
6689,57
6690,57
6691,16
6692,18
6693,5
6694,41
6695,91
6696,16
6697,65
6698,57
6699,86
6700,86
6701,41
6702,86
6703,86
6704,9
6705,22
6706,96
6707,65
6708,70
6709,23
6710,23
6711,22
6712,18
6713,86
6714,65
6715,86
6716,23
6717,3
6718,91
6719,57
6720,70
6721,78
6722,69
6723,70
6724,35
6725,91
6726,23
6727,57
6728,41
6729,41
6730,65
6731,89
6732,57
6733,23
6734,3
6735,65
6736,57
6737,53
6738,53
6739,65
6740,18
6741,19
6742,70
6743,91
6744,65
6745,91
6746,57
6747,38
6748,22
6749,57
6750,36
6751,5
6752,86
6753,36
6754,57
6755,91
6756,57
6757,65
6758,23
6759,57
6760,35
6761,57
6762,91
6763,22
6764,23
6765,70
6766,36
6767,23
6768,86
6769,91
6770,86
6771,78
6772,57
6773,22
6774,35
6775,57
6776,41
6777,60
6778,12
6779,5
6780,96
6781,23
6782,66
6783,3
6784,23
6785,65
6786,66
6787,22
6788,22
6789,36
6790,71
6791,22
6792,65
6793,65
6794,91
6795,22
6796,41
6797,23
6798,23
6799,57
6800,38
6801,57
6802,22
6803,65
6804,68
6805,41
6806,86
6807,91
6808,4
6809,9
6810,96
6811,86
6812,86
6813,36
6814,86
6815,22
6816,86
6817,23
6818,91
6819,41
6820,57
6821,19
6822,22
6823,5
6824,22
6825,5
6826,38
6827,89
6828,38
6829,71
6830,57
6831,57
6832,16
6833,57
6834,86
6835,22
6836,18
6837,96
6838,70
6839,22
6840,38
6841,18
6842,86
6843,86
6844,38
6845,36
6846,23
6847,65
6848,70
6849,70
6850,16
6851,57
6852,96
6853,71
6854,91
6855,91
6856,61
6857,96
6858,4
6859,96
6860,22
6861,57
6862,19
6863,96
6864,65
6865,18
6866,57
6867,91
6868,86
6869,14
6870,16
6871,41
6872,70
6873,22
6874,70
6875,16
6876,23
6877,36
6878,86
6879,72
6880,57
6881,36
6882,38
6883,22
6884,18
6885,65
6886,86
6887,65
6888,23
6889,71
6890,41
6891,41
6892,89
6893,70
6894,35
6895,53
6896,16
6897,12
6898,9
6899,36
6900,23
6901,57
6902,70
6903,23
6904,57
6905,91
6906,86
6907,23
6908,68
6909,66
6910,38
6911,41
6912,38
6913,86
6914,91
6915,35
6916,5
6917,9
6918,39
6919,22
6920,4
6921,38
6922,38
6923,86
6924,22
6925,5
6926,91
6927,57
6928,22
6929,38
6930,36
6931,18
6932,41
6933,9
6934,4
6935,38
6936,57
6937,41
6938,38
6939,41
6940,3
6941,38
6942,41
6943,41
6944,89
6945,22
6946,70
6947,65
6948,41
6949,22
6950,70
6951,65
6952,96
6953,57
6954,23
6955,91
6956,16
6957,41
6958,91
6959,22
6960,57
6961,86
6962,86
6963,22
6964,41
6965,61
6966,9
6967,96
6968,57
6969,5
6970,66
6971,19
6972,86
6973,57
6974,86
6975,23
6976,23
6977,38
6978,66
6979,96
6980,36
6981,16
6982,86
6983,38
6984,96
6985,22
6986,57
6987,66
6988,66
6989,36
6990,86
6991,96
6992,91
6993,96
6994,65
6995,41
6996,70
6997,16
6998,86
6999,19
7000,91
7001,86
7002,96
7003,53
7004,4
7005,91
7006,65
7007,66
7008,3
7009,61
7010,96
7011,36
7012,35
7013,86
7014,91
7015,70
7016,23
7017,38
7018,66
7019,96
7020,91
7021,22
7022,57
7023,65
7024,57
7025,38
7026,70
7027,18
7028,38
7029,9
7030,57
7031,57
7032,91
7033,23
7034,66
7035,70
7036,96
7037,91
7038,38
7039,61
7040,57
7041,16
7042,66
7043,36
7044,4
7045,66
7046,3
7047,61
7048,22
7049,36
7050,3
7051,35
7052,4
7053,68
7054,66
7055,66
7056,96
7057,57
7058,16
7059,22
7060,57
7061,57
7062,41
7063,41
7064,57
7065,36
7066,57
7067,18
7068,3
7069,36
7070,57
7071,36
7072,91
7073,22
7074,70
7075,96
7076,5
7077,91
7078,19
7079,35
7080,86
7081,86
7082,36
7083,4
7084,16
7085,86
7086,35
7087,65
7088,91
7089,23
7090,57
7091,86
7092,35
7093,23
7094,22
7095,86
7096,36
7097,3
7098,38
7099,57
7100,18
7101,91
7102,57
7103,41
7104,53
7105,86
7106,96
7107,3
7108,57
7109,4
7110,57
7111,65
7112,23
7113,19
7114,36
7115,23
7116,38
7117,9
7118,86
7119,35
7120,61
7121,19
7122,96
7123,18
7124,57
7125,96
7126,57
7127,70
7128,23
7129,23
7130,35
7131,3
7132,65
7133,23
7134,19
7135,91
7136,86
7137,89
7138,5
7139,87
7140,91
7141,41
7142,86
7143,36
7144,66
7145,96
7146,38
7147,23
7148,91
7149,91
7150,23
7151,41
7152,12
7153,41
7154,96
7155,86
7156,35
7157,86
7158,57
7159,12
7160,41
7161,41
7162,22
7163,19
7164,23
7165,65
7166,57
7167,36
7168,41
7169,5
7170,57
7171,91
7172,86
7173,22
7174,35
7175,57
7176,22
7177,36
7178,57
7179,16
7180,86
7181,65
7182,41
7183,38
7184,65
7185,9
7186,86
7187,4
7188,70
7189,35
7190,57
7191,5
7192,4
7193,86
7194,61
7195,4
7196,57
7197,18
7198,9
7199,96
7200,86
7201,36
7202,96
7203,57
7204,3
7205,57
7206,4
7207,23
7208,61
7209,18
7210,41
7211,96
7212,66
7213,36
7214,38
7215,57
7216,86
7217,86
7218,38
7219,12
7220,57
7221,96
7222,22
7223,38
7224,91
7225,23
7226,4
7227,86
7228,38
7229,41
7230,66
7231,91
7232,23
7233,41
7234,5
7235,4
7236,22
7237,19
7238,36
7239,4
7240,23
7241,86
7242,66
7243,67
7244,86
7245,5
7246,9
7247,65
7248,9
7249,22
7250,86
7251,9
7252,19
7253,57
7254,23
7255,70
7256,5
7257,41
7258,91
7259,65
7260,96
7261,9
7262,22
7263,35
7264,73
7265,18
7266,23
7267,36
7268,9
7269,41
7270,9
7271,91
7272,86
7273,91
7274,91
7275,38
7276,96
7277,23
7278,18
7279,41
7280,91
7281,57
7282,65
7283,41
7284,22
7285,22
7286,86
7287,41
7288,36
7289,65
7290,65
7291,86
7292,36
7293,70
7294,91
7295,41
7296,96
7297,86
7298,22
7299,91
7300,71
7301,36
7302,70
7303,22
7304,9
7305,38
7306,86
7307,89
7308,96
7309,4
7310,96
7311,91
7312,65
7313,5
7314,61
7315,22
7316,91
7317,86
7318,91
7319,36
7320,35
7321,41
7322,41
7323,41
7324,61
7325,53
7326,36
7327,35
7328,91
7329,91
7330,23
7331,22
7332,74
7333,41
7334,71
7335,91
7336,65
7337,86
7338,61
7339,9
7340,3
7341,86
7342,86
7343,36
7344,9
7345,86
7346,96
7347,19
7348,36
7349,86
7350,67
7351,35
7352,38
7353,4
7354,41
7355,65
7356,91
7357,38
7358,38
7359,96
7360,16
7361,38
7362,23
7363,65
7364,57
7365,86
7366,75
7367,57
7368,70
7369,67
7370,57
7371,65
7372,76
7373,66
7374,91
7375,38
7376,16
7377,86
7378,65
7379,23
7380,23
7381,86
7382,86
7383,65
7384,86
7385,53
7386,22
7387,86
7388,4
7389,65
7390,91
7391,57
7392,38
7393,41
7394,4
7395,91
7396,57
7397,68
7398,41
7399,78
7400,65
7401,36
7402,86
7403,78
7404,36
7405,36
7406,38
7407,66
7408,22
7409,19
7410,3
7411,16
7412,66
7413,91
7414,9
7415,86
7416,60
7417,91
7418,22
7419,74
7420,38
7421,4
7422,36
7423,36
7424,89
7425,74
7426,36
7427,57
7428,36
7429,19
7430,36
7431,19
7432,22
7433,23
7434,4
7435,22
7436,57
7437,57
7438,22
7439,91
7440,16
7441,22
7442,71
7443,70
7444,41
7445,41
7446,22
7447,70
7448,96
7449,22
7450,19
7451,41
7452,91
7453,65
7454,65
7455,70
7456,36
7457,22
7458,3
7459,89
7460,96
7461,19
7462,16
7463,57
7464,22
7465,36
7466,23
7467,91
7468,41
7469,65
7470,57
7471,66
7472,76
7473,4
7474,41
7475,71
7476,70
7477,91
7478,14
7479,57
7480,86
7481,18
7482,57
7483,66
7484,61
7485,4
7486,57
7487,57
7488,23
7489,86
7490,86
7491,91
7492,65
7493,96
7494,86
7495,23
7496,36
7497,65
7498,91
7499,70
7500,91
7501,86
7502,36
7503,38
7504,65
7505,86
7506,86
7507,57
7508,70
7509,57
7510,23
7511,23
7512,86
7513,61
7514,76
7515,35
7516,96
7517,89
7518,22
7519,57
7520,12
7521,23
7522,36
7523,91
7524,70
7525,57
7526,96
7527,38
7528,65
7529,57
7530,4
7531,36
7532,65
7533,86
7534,22
7535,23
7536,91
7537,96
7538,41
7539,65
7540,41
7541,41
7542,57
7543,96
7544,41
7545,65
7546,91
7547,36
7548,57
7549,76
7550,70
7551,9
7552,23
7553,86
7554,9
7555,57
7556,19
7557,22
7558,3
7559,41
7560,91
7561,23
7562,38
7563,70
7564,91
7565,3
7566,47
7567,5
7568,23
7569,91
7570,23
7571,91
7572,91
7573,57
7574,71
7575,36
7576,86
7577,19
7578,66
7579,12
7580,38
7581,5
7582,96
7583,22
7584,91
7585,36
7586,22
7587,41
7588,86
7589,87
7590,23
7591,96
7592,86
7593,86
7594,12
7595,9
7596,41
7597,86
7598,65
7599,86
7600,22
7601,23
7602,70
7603,77
7604,3
7605,87
7606,57
7607,86
7608,76
7609,41
7610,9
7611,38
7612,18
7613,9
7614,16
7615,22
7616,9
7617,78
7618,91
7619,9
7620,91
7621,35
7622,23
7623,36
7624,23
7625,4
7626,23
7627,86
7628,86
7629,36
7630,57
7631,35
7632,65
7633,14
7634,96
7635,9
7636,57
7637,57
7638,71
7639,41
7640,91
7641,66
7642,86
7643,57
7644,36
7645,35
7646,5
7647,70
7648,86
7649,79
7650,86
7651,23
7652,41
7653,36
7654,78
7655,65
7656,71
7657,53
7658,66
7659,16
7660,65
7661,91
7662,86
7663,41
7664,22
7665,57
7666,9
7667,19
7668,35
7669,5
7670,3
7671,4
7672,66
7673,70
7674,57
7675,80
7676,41
7677,41
7678,16
7679,16
7680,22
7681,38
7682,41
7683,9
7684,41
7685,36
7686,23
7687,86
7688,91
7689,96
7690,57
7691,16
7692,91
7693,78
7694,35
7695,5
7696,35
7697,65
7698,96
7699,91
7700,22
7701,23
7702,66
7703,5
7704,23
7705,65
7706,35
7707,57
7708,5
7709,53
7710,35
7711,57
7712,96
7713,22
7714,23
7715,96
7716,91
7717,22
7718,22
7719,86
7720,36
7721,16
7722,57
7723,89
7724,91
7725,91
7726,41
7727,71
7728,96
7729,5
7730,86
7731,86
7732,4
7733,4
7734,23
7735,16
7736,22
7737,91
7738,35
7739,16
7740,96
7741,35
7742,22
7743,71
7744,65
7745,65
7746,22
7747,41
7748,78
7749,22
7750,65
7751,36
7752,66
7753,65
7754,4
7755,5
7756,41
7757,12
7758,91
7759,86
7760,18
7761,22
7762,65
7763,86
7764,57
7765,23
7766,16
7767,38
7768,28
7769,91
7770,96
7771,3
7772,41
7773,86
7774,41
7775,89
7776,18
7777,22
7778,22
7779,36
7780,4
7781,91
7782,39
7783,41
7784,86
7785,65
7786,86
7787,23
7788,38
7789,5
7790,22
7791,57
7792,22
7793,41
7794,38
7795,22
7796,22
7797,71
7798,35
7799,22
7800,65
7801,41
7802,36
7803,57
7804,5
7805,86
7806,91
7807,36
7808,23
7809,65
7810,22
7811,41
7812,9
7813,4
7814,57
7815,96
7816,86
7817,38
7818,65
7819,57
7820,4
7821,38
7822,86
7823,91
7824,23
7825,91
7826,57
7827,66
7828,41
7829,3
7830,36
7831,70
7832,70
7833,70
7834,86
7835,36
7836,91
7837,86
7838,70
7839,38
7840,91
7841,86
7842,9
7843,36
7844,9
7845,22
7846,23
7847,22
7848,3
7849,39
7850,36
7851,36
7852,70
7853,53
7854,96
7855,38
7856,91
7857,22
7858,38
7859,91
7860,22
7861,60
7862,57
7863,23
7864,70
7865,16
7866,91
7867,9
7868,22
7869,71
7870,36
7871,36
7872,41
7873,65
7874,38
7875,70
7876,23
7877,36
7878,86
7879,36
7880,53
7881,57
7882,66
7883,91
7884,9
7885,9
7886,57
7887,18
7888,41
7889,86
7890,36
7891,70
7892,67
7893,18
7894,57
7895,36
7896,16
7897,57
7898,70
7899,22
7900,65
7901,36
7902,19
7903,57
7904,19
7905,38
7906,35
7907,91
7908,22
7909,86
7910,38
7911,22
7912,96
7913,91
7914,66
7915,86
7916,65
7917,22
7918,86
7919,4
7920,53
7921,38
7922,5
7923,91
7924,65
7925,70
7926,23
7927,91
7928,41
7929,36
7930,86
7931,86
7932,22
7933,4
7934,86
7935,96
7936,41
7937,53
7938,41
7939,78
7940,66
7941,41
7942,70
7943,57
7944,65
7945,57
7946,91
7947,16
7948,65
7949,66
7950,57
7951,36
7952,91
7953,35
7954,57
7955,86
7956,22
7957,22
7958,19
7959,22
7960,41
7961,36
7962,86
7963,91
7964,3
7965,78
7966,96
7967,70
7968,18
7969,86
7970,23
7971,9
7972,22
7973,16
7974,36
7975,36
7976,22
7977,38
7978,91
7979,22
7980,86
7981,9
7982,57
7983,57
7984,91
7985,86
7986,86
7987,22
7988,61
7989,3
7990,9
7991,9
7992,91
7993,81
7994,22
7995,66
7996,96
7997,16
7998,4
7999,36
8000,22
8001,9
8002,57
8003,36
8004,91
8005,57
8006,70
8007,78
8008,86
8009,5
8010,65
8011,5
8012,14
8013,96
8014,35
8015,16
8016,82
8017,86
8018,91
8019,36
8020,9
8021,36
8022,87
8023,86
8024,38
8025,18
8026,86
8027,41
8028,23
8029,91
8030,38
8031,3
8032,9
8033,38
8034,41
8035,23
8036,87
8037,18
8038,22
8039,16
8040,57
8041,76
8042,57
8043,89
8044,57
8045,22
8046,41
8047,18
8048,65
8049,22
8050,68
8051,4
8052,86
8053,9
8054,36
8055,57
8056,22
8057,18
8058,22
8059,22
8060,12
8061,35
8062,65
8063,22
8064,38
8065,67
8066,9
8067,18
8068,16
8069,65
8070,36
8071,23
8072,36
8073,4
8074,70
8075,70
8076,91
8077,57
8078,22
8079,38
8080,22
8081,38
8082,23
8083,22
8084,22
8085,96
8086,96
8087,86
8088,89
8089,86
8090,4
8091,57
8092,23
8093,36
8094,22
8095,23
8096,9
8097,35
8098,35
8099,65
8100,16
8101,41
8102,41
8103,36
8104,36
8105,86
8106,57
8107,70
8108,41
8109,35
8110,57
8111,9
8112,70
8113,36
8114,9
8115,5
8116,57
8117,91
8118,41
8119,36
8120,23
8121,39
8122,91
8123,86
8124,36
8125,9
8126,22
8127,66
8128,5
8129,57
8130,66
8131,71
8132,70
8133,4
8134,70
8135,23
8136,91
8137,35
8138,86
8139,41
8140,22
8141,23
8142,36
8143,65
8144,4
8145,70
8146,78
8147,18
8148,36
8149,36
8150,16
8151,5
8152,19
8153,22
8154,65
8155,71
8156,18
8157,5
8158,87
8159,36
8160,35
8161,61
8162,18
8163,5
8164,35
8165,41
8166,91
8167,36
8168,78
8169,18
8170,3
8171,22
8172,91
8173,38
8174,74
8175,16
8176,70
8177,86
8178,18
8179,22
8180,41
8181,16
8182,57
8183,57
8184,9
8185,65
8186,70
8187,57
8188,3
8189,3
8190,4
8191,31
8192,57
8193,9
8194,86
8195,35
8196,67
8197,86
8198,5
8199,5
8200,65
8201,91
8202,57
8203,36
8204,71
8205,91
8206,38
8207,9
8208,19
8209,36
8210,22
8211,57
8212,23
8213,4
8214,86
8215,5
8216,70
8217,91
8218,35
8219,19
8220,91
8221,86
8222,86
8223,96
8224,35
8225,66
8226,3
8227,22
8228,57
8229,41
8230,41
8231,86
8232,53
8233,23
8234,65
8235,36
8236,36
8237,57
8238,57
8239,41
8240,22
8241,4
8242,5
8243,3
8244,86
8245,57
8246,5
8247,86
8248,16
8249,38
8250,67
8251,65
8252,86
8253,96
8254,23
8255,41
8256,86
8257,57
8258,36
8259,23
8260,38
8261,91
8262,86
8263,9
8264,19
8265,18
8266,86
8267,53
8268,86
8269,41
8270,9
8271,96
8272,36
8273,38
8274,3
8275,86
8276,65
8277,3
8278,23
8279,5
8280,57
8281,3
8282,22
8283,91
8284,70
8285,65
8286,3
8287,41
8288,61
8289,38
8290,36
8291,4
8292,14
8293,41
8294,70
8295,57
8296,22
8297,86
8298,5
8299,16
8300,84
8301,65
8302,5
8303,91
8304,5
8305,23
8306,76
8307,3
8308,70
8309,35
8310,18
8311,22
8312,86
8313,57
8314,23
8315,96
8316,5
8317,22
8318,38
8319,57
8320,4
8321,67
8322,36
8323,91
8324,22
8325,22
8326,66
8327,57
8328,9
8329,4
8330,96
8331,18
8332,9
8333,22
8334,57
8335,22
8336,96
8337,16
8338,18
8339,12
8340,31
8341,5
8342,22
8343,86
8344,41
8345,96
8346,22
8347,57
8348,23
8349,86
8350,65
8351,9
8352,5
8353,86
8354,91
8355,4
8356,86
8357,86
8358,65
8359,16
8360,57
8361,86
8362,78
8363,57
8364,57
8365,70
8366,70
8367,3
8368,36
8369,23
8370,5
8371,5
8372,91
8373,18
8374,5
8375,86
8376,18
8377,91
8378,36
8379,86
8380,18
8381,86
8382,57
8383,36
8384,16
8385,86
8386,9
8387,65
8388,36
8389,91
8390,39
8391,36
8392,78
8393,57
8394,23
8395,91
8396,91
8397,36
8398,86
8399,9
8400,18
8401,65
8402,18
8403,78
8404,86
8405,41
8406,86
8407,41
8408,38
8409,23
8410,57
8411,22
8412,86
8413,57
8414,4
8415,57
8416,16
8417,66
8418,70
8419,35
8420,22
8421,35
8422,36
8423,9
8424,5
8425,85
8426,86
8427,38
8428,9
8429,57
8430,12
8431,22
8432,22
8433,91
8434,9
8435,22
8436,3
8437,4
8438,23
8439,57
8440,57
8441,66
8442,36
8443,36
8444,96
8445,36
8446,36
8447,35
8448,60
8449,22
8450,86
8451,22
8452,91
8453,66
8454,91
8455,5
8456,5
8457,5
8458,57
8459,18
8460,66
8461,41
8462,41
8463,9
8464,22
8465,23
8466,70
8467,41
8468,66
8469,9
8470,16
8471,4
8472,35
8473,70
8474,41
8475,91
8476,70
8477,91
8478,12
8479,41
8480,70
8481,4
8482,19
8483,18
8484,61
8485,41
8486,23
8487,65
8488,41
8489,23
8490,9
8491,86
8492,35
8493,71
8494,41
8495,4
8496,35
8497,38
8498,41
8499,41
8500,57
8501,65
8502,70
8503,91
8504,57
8505,4
8506,66
8507,41
8508,86
8509,5
8510,16
8511,19
8512,53
8513,91
8514,23
8515,61
8516,65
8517,70
8518,86
8519,57
8520,89
8521,61
8522,23
8523,35
8524,57
8525,89
8526,38
8527,86
8528,16
8529,57
8530,36
8531,67
8532,16
8533,78
8534,70
8535,68
8536,91
8537,86
8538,86
8539,96
8540,0
8541,86
8542,35
8543,36
8544,86
8545,66
8546,96
8547,86
8548,36
8549,23
8550,16
8551,71
8552,57
8553,36
8554,66
8555,86
8556,70
8557,35
8558,9
8559,57
8560,89
8561,57
8562,12
8563,86
8564,86
8565,57
8566,57
8567,9
8568,36
8569,91
8570,16
8571,96
8572,18
8573,36
8574,91
8575,35
8576,86
8577,16
8578,19
8579,91
8580,91
8581,64
8582,86
8583,91
8584,43
8585,53
8586,70
8587,36
8588,23
8589,23
8590,4
8591,22
8592,36
8593,91
8594,23
8595,36
8596,5
8597,91
8598,89
8599,91
8600,70
8601,36
8602,5
8603,91
8604,23
8605,18
8606,4
8607,71
8608,91
8609,36
8610,41
8611,38
8612,65
8613,22
8614,16
8615,86
8616,57
8617,4
8618,22
8619,86
8620,66
8621,5
8622,71
8623,36
8624,4
8625,74
8626,91
8627,66
8628,41
8629,86
8630,41
8631,36
8632,86
8633,18
8634,57
8635,96
8636,22
8637,38
8638,16
8639,57
8640,5
8641,65
8642,57
8643,74
8644,57
8645,19
8646,86
8647,23
8648,96
8649,35
8650,91
8651,91
8652,66
8653,41
8654,22
8655,65
8656,65
8657,70
8658,23
8659,36
8660,16
8661,86
8662,66
8663,86
8664,86
8665,16
8666,9
8667,66
8668,70
8669,4
8670,38
8671,23
8672,36
8673,53
8674,66
8675,86
8676,91
8677,86
8678,23
8679,91
8680,65
8681,96
8682,57
8683,22
8684,57
8685,23
8686,23
8687,86
8688,70
8689,41
8690,22
8691,70
8692,16
8693,22
8694,86
8695,9
8696,91
8697,65
8698,9
8699,70
8700,66
8701,14
8702,57
8703,36
8704,22
8705,78
8706,4
8707,35
8708,61
8709,23
8710,57
8711,66
8712,57
8713,71
8714,22
8715,96
8716,86
8717,57
8718,86
8719,22
8720,57
8721,66
8722,35
8723,86
8724,38
8725,89
8726,70
8727,41
8728,86
8729,88
8730,86
8731,16
8732,4
8733,22
8734,3
8735,19
8736,9
8737,41
8738,36
8739,53
8740,86
8741,41
8742,66
8743,66
8744,19
8745,36
8746,36
8747,41
8748,18
8749,70
8750,65
8751,16
8752,86
8753,38
8754,76
8755,70
8756,91
8757,86
8758,91
8759,89
8760,86
8761,36
8762,86
8763,91
8764,41
8765,70
8766,86
8767,91
8768,96
8769,96
8770,70
8771,36
8772,35
8773,91
8774,91
8775,57
8776,18
8777,70
8778,57
8779,70
8780,96
8781,23
8782,71
8783,23
8784,38
8785,91
8786,35
8787,57
8788,4
8789,91
8790,76
8791,41
8792,4
8793,38
8794,86
8795,70
8796,86
8797,78
8798,12
8799,3
8800,86
8801,78
8802,16
8803,65
8804,36
8805,86
8806,70
8807,41
8808,66
8809,36
8810,36
8811,78
8812,16
8813,86
8814,57
8815,61
8816,22
8817,57
8818,70
8819,23
8820,41
8821,91
8822,66
8823,96
8824,91
8825,4
8826,35
8827,89
8828,91
8829,86
8830,96
8831,53
8832,91
8833,36
8834,57
8835,70
8836,41
8837,19
8838,57
8839,91
8840,9
8841,57
8842,23
8843,86
8844,68
8845,14
8846,36
8847,36
8848,19
8849,91
8850,41
8851,23
8852,5
8853,19
8854,4
8855,71
8856,16
8857,57
8858,90
8859,36
8860,78
8861,5
8862,91
8863,96
8864,70
8865,35
8866,41
8867,89
8868,4
8869,22
8870,36
8871,19
8872,36
8873,96
8874,96
8875,4
8876,36
8877,4
8878,57
8879,66
8880,38
8881,91
8882,57
8883,36
8884,91
8885,22
8886,23
8887,14
8888,70
8889,3
8890,23
8891,91
8892,12
8893,4
8894,14
8895,4
8896,91
8897,35
8898,22
8899,96
8900,23
8901,89
8902,86
8903,22
8904,22
8905,35
8906,16
8907,35
8908,22
8909,36
8910,23
8911,70
8912,36
8913,57
8914,36
8915,16
8916,86
8917,86
8918,23
8919,65
8920,66
8921,16
8922,35
8923,91
8924,38
8925,38
8926,89
8927,86
8928,16
8929,9
8930,70
8931,22
8932,36
8933,36
8934,96
8935,91
8936,23
8937,91
8938,66
8939,12
8940,16
8941,38
8942,16
8943,36
8944,38
8945,9
8946,91
8947,86
8948,57
8949,9
8950,91
8951,39
8952,91
8953,4
8954,36
8955,36
8956,57
8957,41
8958,57
8959,86
8960,86
8961,57
8962,22
8963,36
8964,57
8965,38
8966,86
8967,86
8968,18
8969,57
8970,3
8971,91
8972,66
8973,36
8974,16
8975,91
8976,57
8977,35
8978,22
8979,91
8980,91
8981,65
8982,18
8983,65
8984,65
8985,65
8986,57
8987,70
8988,3
8989,65
8990,91
8991,12
8992,41
8993,71
8994,65
8995,70
8996,57
8997,41
8998,47
8999,19
9000,96
9001,22
9002,91
9003,57
9004,4
9005,57
9006,91
9007,38
9008,35
9009,70
9010,91
9011,36
9012,22
9013,4
9014,22
9015,35
9016,70
9017,91
9018,14
9019,53
9020,96
9021,19
9022,57
9023,65
9024,86
9025,86
9026,76
9027,70
9028,38
9029,22
9030,23
9031,36
9032,35
9033,36
9034,70
9035,35
9036,35
9037,57
9038,57
9039,35
9040,4
9041,38
9042,65
9043,16
9044,38
9045,36
9046,36
9047,70
9048,66
9049,19
9050,91
9051,57
9052,66
9053,36
9054,9
9055,16
9056,5
9057,22
9058,3
9059,70
9060,23
9061,89
9062,3
9063,41
9064,36
9065,53
9066,86
9067,86
9068,96
9069,41
9070,41
9071,57
9072,57
9073,86
9074,96
9075,66
9076,57
9077,65
9078,86
9079,47
9080,86
9081,91
9082,23
9083,38
9084,70
9085,91
9086,57
9087,16
9088,86
9089,41
9090,38
9091,35
9092,57
9093,70
9094,35
9095,57
9096,3
9097,86
9098,57
9099,38
9100,89
9101,16
9102,91
9103,78
9104,22
9105,41
9106,65
9107,57
9108,70
9109,57
9110,23
9111,92
9112,66
9113,86
9114,86
9115,66
9116,41
9117,23
9118,22
9119,22
9120,22
9121,66
9122,57
9123,22
9124,23
9125,5
9126,70
9127,71
9128,5
9129,86
9130,36
9131,86
9132,4
9133,65
9134,65
9135,36
9136,16
9137,35
9138,86
9139,57
9140,65
9141,70
9142,35
9143,22
9144,65
9145,86
9146,16
9147,39
9148,86
9149,41
9150,86
9151,86
9152,16
9153,23
9154,70
9155,3
9156,91
9157,57
9158,86
9159,3
9160,96
9161,22
9162,66
9163,36
9164,61
9165,65
9166,22
9167,18
9168,38
9169,23
9170,76
9171,66
9172,12
9173,57
9174,36
9175,19
9176,86
9177,70
9178,19
9179,36
9180,65
9181,53
9182,65
9183,22
9184,38
9185,35
9186,23
9187,96
9188,16
9189,23
9190,65
9191,22
9192,65
9193,38
9194,12
9195,70
9196,71
9197,38
9198,70
9199,22
9200,86
9201,57
9202,86
9203,38
9204,22
9205,86
9206,86
9207,23
9208,86
9209,91
9210,86
9211,78
9212,76
9213,57
9214,36
9215,22
9216,68
9217,70
9218,36
9219,41
9220,91
9221,57
9222,9
9223,78
9224,41
9225,57
9226,38
9227,57
9228,35
9229,70
9230,86
9231,36
9232,41
9233,19
9234,35
9235,91
9236,38
9237,9
9238,38
9239,71
9240,66
9241,22
9242,16
9243,93
9244,57
9245,91
9246,86
9247,19
9248,57
9249,86
9250,35
9251,36
9252,5
9253,22
9254,94
9255,22
9256,36
9257,3
9258,23
9259,91
9260,22
9261,91
9262,16
9263,57
9264,35
9265,86
9266,86
9267,67
9268,65
9269,70
9270,19
9271,22
9272,18
9273,65
9274,23
9275,35
9276,70
9277,96
9278,23
9279,71
9280,57
9281,86
9282,96
9283,36
9284,39
9285,65
9286,86
9287,53
9288,36
9289,70
9290,41
9291,86
9292,96
9293,23
9294,38
9295,5
9296,65
9297,5
9298,86
9299,87
9300,41
9301,65
9302,4
9303,96
9304,22
9305,16
9306,5
9307,65
9308,89
9309,38
9310,86
9311,70
9312,91
9313,36
9314,41
9315,16
9316,19
9317,9
9318,91
9319,86
9320,41
9321,36
9322,86
9323,65
9324,70
9325,57
9326,23
9327,23
9328,57
9329,67
9330,23
9331,53
9332,36
9333,35
9334,35
9335,9
9336,78
9337,65
9338,66
9339,70
9340,41
9341,5
9342,36
9343,38
9344,22
9345,70
9346,18
9347,91
9348,4
9349,57
9350,96
9351,65
9352,70
9353,36
9354,23
9355,57
9356,65
9357,70
9358,18
9359,65
9360,36
9361,96
9362,86
9363,70
9364,22
9365,23
9366,23
9367,22
9368,22
9369,57
9370,36
9371,22
9372,86
9373,41
9374,65
9375,38
9376,65
9377,41
9378,66
9379,57
9380,36
9381,4
9382,41
9383,66
9384,36
9385,86
9386,91
9387,35
9388,96
9389,22
9390,65
9391,65
9392,53
9393,9
9394,70
9395,70
9396,61
9397,61
9398,36
9399,86
9400,91
9401,22
9402,22
9403,23
9404,23
9405,66
9406,23
9407,4
9408,61
9409,5
9410,35
9411,19
9412,86
9413,16
9414,23
9415,22
9416,16
9417,96
9418,16
9419,47
9420,41
9421,96
9422,22
9423,36
9424,22
9425,16
9426,86
9427,96
9428,4
9429,91
9430,57
9431,22
9432,91
9433,9
9434,16
9435,91
9436,61
9437,41
9438,18
9439,96
9440,36
9441,41
9442,9
9443,65
9444,60
9445,23
9446,4
9447,65
9448,22
9449,22
9450,70
9451,38
9452,23
9453,16
9454,70
9455,36
9456,23
9457,86
9458,36
9459,57
9460,86
9461,22
9462,4
9463,61
9464,65
9465,86
9466,35
9467,91
9468,96
9469,23
9470,86
9471,22
9472,57
9473,22
9474,57
9475,35
9476,35
9477,91
9478,86
9479,12
9480,86
9481,65
9482,18
9483,70
9484,23
9485,91
9486,22
9487,86
9488,23
9489,36
9490,22
9491,38
9492,14
9493,22
9494,66
9495,9
9496,91
9497,16
9498,19
9499,66
9500,23
9501,78
9502,41
9503,57
9504,65
9505,66
9506,16
9507,66
9508,22
9509,4
9510,22
9511,18
9512,3
9513,23
9514,36
9515,70
9516,38
9517,57
9518,4
9519,23
9520,23
9521,18
9522,3
9523,38
9524,19
9525,53
9526,36
9527,9
9528,66
9529,61
9530,36
9531,70
9532,91
9533,23
9534,35
9535,36
9536,35
9537,86
9538,41
9539,9
9540,36
9541,18
9542,38
9543,36
9544,36
9545,65
9546,57
9547,23
9548,57
9549,36
9550,91
9551,70
9552,22
9553,4
9554,3
9555,65
9556,23
9557,66
9558,86
9559,38
9560,91
9561,36
9562,38
9563,36
9564,36
9565,23
9566,19
9567,4
9568,86
9569,65
9570,9
9571,22
9572,66
9573,89
9574,23
9575,38
9576,86
9577,36
9578,22
9579,36
9580,4
9581,9
9582,91
9583,70
9584,23
9585,36
9586,86
9587,3
9588,41
9589,57
9590,96
9591,4
9592,35
9593,86
9594,4
9595,91
9596,96
9597,16
9598,57
9599,70
9600,91
9601,66
9602,41
9603,70
9604,22
9605,91
9606,91
9607,35
9608,70
9609,91
9610,18
9611,16
9612,57
9613,61
9614,3
9615,57
9616,65
9617,18
9618,41
9619,23
9620,36
9621,57
9622,4
9623,86
9624,70
9625,86
9626,36
9627,38
9628,22
9629,38
9630,23
9631,23
9632,71
9633,18
9634,66
9635,39
9636,5
9637,18
9638,57
9639,3
9640,41
9641,65
9642,23
9643,86
9644,5
9645,16
9646,65
9647,65
9648,36
9649,35
9650,36
9651,19
9652,65
9653,86
9654,12
9655,22
9656,35
9657,86
9658,3
9659,36
9660,36
9661,86
9662,86
9663,19
9664,67
9665,53
9666,57
9667,12
9668,57
9669,38
9670,36
9671,66
9672,22
9673,36
9674,3
9675,5
9676,66
9677,91
9678,70
9679,53
9680,86
9681,16
9682,4
9683,5
9684,78
9685,86
9686,23
9687,5
9688,36
9689,41
9690,70
9691,18
9692,5
9693,5
9694,16
9695,65
9696,4
9697,86
9698,4
9699,9
9700,65
9701,41
9702,96
9703,86
9704,16
9705,70
9706,36
9707,65
9708,19
9709,91
9710,65
9711,65
9712,41
9713,41
9714,18
9715,91
9716,41
9717,70
9718,23
9719,65
9720,4
9721,36
9722,23
9723,9
9724,9
9725,9
9726,65
9727,16
9728,86
9729,91
9730,22
9731,86
9732,16
9733,96
9734,22
9735,9
9736,38
9737,16
9738,23
9739,36
9740,23
9741,65
9742,19
9743,66
9744,66
9745,41
9746,4
9747,22
9748,41
9749,57
9750,9
9751,91
9752,36
9753,57
9754,86
9755,31
9756,39
9757,91
9758,22
9759,78
9760,9
9761,41
9762,5
9763,22
9764,91
9765,36
9766,57
9767,65
9768,23
9769,5
9770,36
9771,86
9772,38
9773,57
9774,16
9775,36
9776,86
9777,39
9778,86
9779,66
9780,96
9781,4
9782,23
9783,86
9784,14
9785,66
9786,65
9787,66
9788,70
9789,36
9790,86
9791,61
9792,22
9793,19
9794,18
9795,91
9796,66
9797,41
9798,91
9799,86
9800,16
9801,38
9802,41
9803,23
9804,91
9805,70
9806,70
9807,91
9808,38
9809,5
9810,91
9811,23
9812,16
9813,96
9814,9
9815,38
9816,23
9817,36
9818,70
9819,22
9820,41
9821,22
9822,86
9823,57
9824,22
9825,41
9826,9
9827,66
9828,36
9829,91
9830,36
9831,96
9832,78
9833,57
9834,61
9835,70
9836,61
9837,9
9838,65
9839,70
9840,35
9841,86
9842,19
9843,96
9844,36
9845,86
9846,23
9847,86
9848,96
9849,57
9850,57
9851,65
9852,86
9853,41
9854,86
9855,35
9856,86
9857,57
9858,86
9859,3
9860,23
9861,65
9862,70
9863,89
9864,66
9865,95
9866,16
9867,23
9868,35
9869,36
9870,38
9871,22
9872,38
9873,41
9874,5
9875,5
9876,36
9877,76
9878,18
9879,41
9880,36
9881,36
9882,36
9883,65
9884,96
9885,91
9886,96
9887,16
9888,65
9889,86
9890,4
9891,96
9892,96
9893,57
9894,91
9895,9
9896,57
9897,5
9898,86
9899,18
9900,22
9901,70
9902,66
9903,36
9904,22
9905,36
9906,66
9907,35
9908,86
9909,22
9910,57
9911,9
9912,36
9913,57
9914,66
9915,91
9916,35
9917,57
9918,19
9919,70
9920,23
9921,91
9922,76
9923,96
9924,36
9925,65
9926,86
9927,36
9928,65
9929,91
9930,91
9931,36
9932,5
9933,4
9934,57
9935,9
9936,22
9937,57
9938,89
9939,61
9940,41
9941,86
9942,96
9943,18
9944,35
9945,36
9946,66
9947,57
9948,22
9949,57
9950,86
9951,5
9952,35
9953,53
9954,96
9955,41
9956,86
9957,66
9958,70
9959,9
9960,36
9961,96
9962,22
9963,57
9964,4
9965,16
9966,35
9967,9
9968,19
9969,86
9970,41
9971,38
9972,23
9973,91
9974,91
9975,36
9976,70
9977,86
9978,16
9979,12
9980,5
9981,86
9982,86
9983,70
9984,36
9985,22
9986,70
9987,9
9988,57
9989,91
9990,89
9991,22
9992,91
9993,86
9994,86
9995,96
9996,22
9997,86
9998,4
9999,96
10000,4
10001,57
10002,66
10003,96
10004,23
10005,9
10006,57
10007,38
10008,86
10009,36
10010,9
10011,23
10012,9
10013,22
10014,23
10015,70
10016,66
10017,4
10018,19
10019,16
10020,18
10021,57
10022,35
10023,22
10024,36
10025,70
10026,96
10027,86
10028,35
10029,70
10030,23
10031,86
10032,23
10033,23
10034,68
10035,41
10036,36
10037,22
10038,66
10039,86
10040,86
10041,91
10042,16
10043,66
10044,22
10045,57
10046,70
10047,12
10048,91
10049,36
10050,36
10051,41
10052,87
10053,19
10054,23
10055,57
10056,23
10057,86
10058,91
10059,47
10060,35
10061,86
10062,9
10063,96
10064,22
10065,91
10066,23
10067,35
10068,57
10069,18
10070,9
10071,70
10072,86
10073,89
10074,39
10075,36
10076,66
10077,71
10078,35
10079,35
10080,18
10081,35
10082,35
10083,23
10084,91
10085,22
10086,70
10087,5
10088,23
10089,65
10090,89
10091,86
10092,71
10093,91
10094,35
10095,22
10096,91
10097,41
10098,4
10099,22
10100,41
10101,18
10102,35
10103,9
10104,57
10105,36
10106,65
10107,66
10108,36
10109,22
10110,57
10111,48
10112,19
10113,22
10114,38
10115,65
10116,65
10117,36
10118,96
10119,86
10120,16
10121,22
10122,19
10123,41
10124,22
10125,19
10126,23
10127,36
10128,22
10129,22
10130,86
10131,67
10132,5
10133,70
10134,86
10135,66
10136,23
10137,57
10138,36
10139,96
10140,35
10141,36
10142,65
10143,86
10144,9
10145,36
10146,96
10147,57
10148,41
10149,9
10150,23
10151,89
10152,16
10153,86
10154,86
10155,65
10156,35
10157,9
10158,86
10159,16
10160,57
10161,5
10162,19
10163,23
10164,65
10165,91
10166,22
10167,57
10168,96
10169,57
10170,36
10171,22
10172,9
10173,70
10174,57
10175,12
10176,36
10177,23
10178,65
10179,91
10180,57
10181,86
10182,5
10183,38
10184,36
10185,4
10186,18
10187,36
10188,91
10189,78
10190,5
10191,38
10192,36
10193,16
10194,41
10195,22
10196,35
10197,36
10198,41
